Device,OS,Optimisation,Method,Width,Pack,Block,avg_time_s,stdev_s,MBps,MTps
RPI3B+,32,O3,SMI,8,,8,0.345793312,0.001145,3.0323779829759996,3.032378
RPI3B+,32,O3,SMI,8,,16,0.246316302,0.00031,4.2570308648960005,4.25703
RPI3B+,32,O3,SMI,8,,32,0.203570552,0.011541,5.150921981952,5.150922
RPI3B+,32,O3,SMI,8,,64,0.164579771,0.000949,6.371232710656,6.371233
RPI3B+,32,O3,SMI,8,,128,0.140824625,0.000317,7.445970681855999,7.44597
RPI3B+,32,O3,SMI,8,,256,0.129065406,0.00037,8.12437733376,8.124377
RPI3B+,32,O3,SMI,8,,512,0.122913646,0.000307,8.530997280767998,8.530997
RPI3B+,32,O3,SMI,8,,1024,0.120001625,0.000447,8.73801449472,8.738015
RPI3B+,32,O3,SMI,8,,2048,0.119186375,0.000572,8.797784375296,8.797784
RPI3B+,32,O3,SMI,8,,4096,0.118307583,0.000728,8.863134777344,8.863134
RPI3B+,32,O3,SMI,8,,8192,0.117503271,0.000305,8.923802238976,8.923803
RPI3B+,32,O3,SMI,8,,16384,0.117725677,0.000732,8.906944282624,8.906944
RPI3B+,32,O3,SMI,8,,32768,0.117475719,0.000364,8.925895196672,8.925896
RPI3B+,32,O3,SMI,8,,65536,0.117653781,0.000383,8.912386392063999,8.912387
RPI3B+,32,O3,SMI,8,,131072,0.120936063,0.001152,8.670498783231999,8.670499
RPI3B+,32,O3,SMI,8,,262144,0.124488073,0.000657,8.423104053247998,8.423104
RPI3B+,32,O3,SMI,8,,524288,0.12408626,0.000791,8.450379612159999,8.45038
RPI3B+,32,O3,SMI,8,,1048576,0.124372146,0.001375,8.430955790336,8.430955
RPI3B+,32,O3,SMI,9,,8,0.343245865,0.001202,3.436743491584,3.054883
RPI3B+,32,O3,SMI,9,,16,0.247286771,0.000573,4.770364391424,4.240324
RPI3B+,32,O3,SMI,9,,32,0.198253563,0.001291,5.950197989376,5.289065
RPI3B+,32,O3,SMI,9,,64,0.164652239,0.00038,7.164481503232,6.368428
RPI3B+,32,O3,SMI,9,,128,0.141178823,0.000237,8.355700539392,7.42729
RPI3B+,32,O3,SMI,9,,256,0.130075813,0.000771,9.068926205952,8.061268
RPI3B+,32,O3,SMI,9,,512,0.123740094,0.000478,9.533272358912,8.47402
RPI3B+,32,O3,SMI,9,,1024,0.120977229,0.000534,9.750992388095998,8.667548
RPI3B+,32,O3,SMI,9,,2048,0.119095156,0.000162,9.905087971328,8.804523
RPI3B+,32,O3,SMI,9,,4096,0.118693781,0.000487,9.938582634495999,8.834296
RPI3B+,32,O3,SMI,9,,8192,0.118380469,0.000454,9.964887212032,8.857677
RPI3B+,32,O3,SMI,9,,16384,0.118078802,0.000321,9.990345588735998,8.880307
RPI3B+,32,O3,SMI,9,,32768,0.118923687,0.000617,9.919369576447998,8.817217
RPI3B+,32,O3,SMI,9,,65536,0.118621542,0.000832,9.944636063744,8.839676
RPI3B+,32,O3,SMI,9,,131072,0.123069583,0.001703,9.585211473920001,8.520188
RPI3B+,32,O3,SMI,9,,262144,0.124714344,0.00034,9.458799345664,8.407822
RPI3B+,32,O3,SMI,9,,524288,0.124245104,0.000194,9.494523281408,8.439576
RPI3B+,32,O3,SMI,9,,1048576,0.124604364,0.000292,9.467148107776,8.415243
RPI3B+,32,O3,SMI,16,,8,0.344139885,0.000758,6.09389379584,3.046947
RPI3B+,32,O3,SMI,16,,16,0.246400729,0.00033,8.511143542784,4.255572
RPI3B+,32,O3,SMI,16,,32,0.196592583,0.000252,10.667503386623999,5.333752
RPI3B+,32,O3,SMI,16,,64,0.164572229,0.000548,12.743049478143998,6.371525
RPI3B+,32,O3,SMI,16,,128,0.141102594,0.000331,14.862604304384,7.431302
RPI3B+,32,O3,SMI,16,,256,0.128928031,7.5e-05,16.26606665728,8.133034
RPI3B+,32,O3,SMI,16,,512,0.123302541,0.000617,17.008181641215998,8.504091
RPI3B+,32,O3,SMI,16,,1024,0.120365052,0.000279,17.423263596544,8.711632
RPI3B+,32,O3,SMI,16,,2048,0.120189771,0.001789,17.448672690175997,8.724336
RPI3B+,32,O3,SMI,16,,4096,0.118666448,0.000904,17.672662155264,8.836331
RPI3B+,32,O3,SMI,16,,8192,0.117820146,0.000486,17.799604862976,8.899802
RPI3B+,32,O3,SMI,16,,16384,0.118195271,0.000561,17.743112830976,8.871556
RPI3B+,32,O3,SMI,16,,32768,0.117585844,0.000171,17.8350718976,8.917536
RPI3B+,32,O3,SMI,16,,65536,0.117710396,0.000293,17.816200675328002,8.9081
RPI3B+,32,O3,SMI,16,,131072,0.1222065,0.001001,17.160724283392,8.580362
RPI3B+,32,O3,SMI,16,,262144,0.124311198,0.000366,16.870177505279997,8.435089
RPI3B+,32,O3,SMI,16,,524288,0.124561187,0.000567,16.836320034816,8.41816
RPI3B+,32,O3,SMI,16,,1048576,0.123605584,0.000217,16.966482919424,8.483241
RPI3B+,32,O3,SMI,18,,8,0.344482365,0.001086,6.848815038464,3.043918
RPI3B+,32,O3,SMI,18,,16,0.245566531,0.000422,9.607562919935999,4.270028
RPI3B+,32,O3,SMI,18,,32,0.197155219,0.001015,11.966693244928,5.31853
RPI3B+,32,O3,SMI,18,,64,0.165059771,0.000885,14.293586149375999,6.352705
RPI3B+,32,O3,SMI,18,,128,0.143415323,0.003246,16.4507942912,7.311464
RPI3B+,32,O3,SMI,18,,256,0.128893771,0.00027,18.30418907136,8.135195
RPI3B+,32,O3,SMI,18,,512,0.123235302,0.000383,19.14464370688,8.508731
RPI3B+,32,O3,SMI,18,,1024,0.120293031,0.000363,19.6129062912,8.716847
RPI3B+,32,O3,SMI,18,,2048,0.118520927,9.4e-05,19.906155249664,8.84718
RPI3B+,32,O3,SMI,18,,4096,0.118876302,0.001224,19.846646464512002,8.820732
RPI3B+,32,O3,SMI,18,,8192,0.117776385,0.000377,20.031994855424,8.903109
RPI3B+,32,O3,SMI,18,,16384,0.118038136,0.000675,19.987574030336,8.883366
RPI3B+,32,O3,SMI,18,,32768,0.117994708,0.000316,19.994930839551998,8.886636
RPI3B+,32,O3,SMI,18,,65536,0.118599417,0.00052,19.892980940799998,8.841325
RPI3B+,32,O3,SMI,18,,131072,0.122156135,0.000532,19.313773772799998,8.5839
RPI3B+,32,O3,SMI,18,,262144,0.124950125,0.000323,18.881902018559998,8.391956
RPI3B+,32,O3,SMI,18,,524288,0.125319792,0.000616,18.826203758591998,8.367202
RPI3B+,32,O3,SMI,18,,1048576,0.124733188,0.000512,18.914741321728,8.406552
RPI3B+,64,O2,SMI,8,RGB565,8,0.241238063,0.005538,4.557786858922181,4.346644
RPI3B+,64,O2,SMI,8,RGB565,16,0.141144959,0.00104,7.789946424304597,7.429072
RPI3B+,64,O2,SMI,8,RGB565,32,0.092893865,0.000302,11.836214085706317,11.287893
RPI3B+,64,O2,SMI,8,RGB565,64,0.06798526,0.000547,16.172794598282753,15.423578
RPI3B+,64,O2,SMI,8,RGB565,128,0.055919687,0.000527,19.662335542076374,18.751464
RPI3B+,64,O2,SMI,8,RGB565,256,0.046401635,0.000159,23.6955366072936,22.597824
RPI3B+,64,O2,SMI,8,RGB565,512,0.039873656,0.000962,27.574888507994274,26.297463
RPI3B+,64,O2,SMI,8,RGB565,1024,0.036490729,0.000405,30.13125963964324,28.735408
RPI3B+,64,O2,SMI,8,RGB565,2048,0.034494927,0.000378,31.87458920155185,30.397977
RPI3B+,64,O2,SMI,8,RGB565,4096,0.033878917,0.000113,32.45415497469211,30.950695
RPI3B+,64,O2,SMI,8,RGB565,8192,0.041848448,0.000573,26.273653879916722,25.056509
RPI3B+,64,O2,SMI,8,RGB565,16384,0.045226552,0.000175,24.311197148150494,23.184964
RPI3B+,64,O2,SMI,8,RGB565,32768,0.047207667,0.000299,23.290954811179006,22.211985
RPI3B+,64,O2,SMI,8,RGB565,65536,0.04804499,0.000149,22.8850426059948,21.824877
RPI3B+,64,O2,SMI,8,RGB565,131072,0.048078354,0.000635,22.869161260043207,21.809732
RPI3B+,64,O2,SMI,8,RGB565,262144,0.048503,0.000438,22.668940192625197,21.618786
RPI3B+,64,O2,SMI,8,RGB565,524288,0.049017792,0.000303,22.430868437420997,21.391743
RPI3B+,64,O2,SMI,8,RGB565,1048576,0.049723563,0.00035,22.112487253412414,21.088111
RPI3B+,64,O1,SMI,8,RGB565,8,0.24690327,0.008801,4.453207909957894,4.24691
RPI3B+,64,O1,SMI,8,RGB565,16,0.146472927,0.000506,7.506585785152307,7.158838
RPI3B+,64,O1,SMI,8,RGB565,32,0.095742708,0.001088,11.484025118166876,10.952019
RPI3B+,64,O1,SMI,8,RGB565,64,0.06977275,0.000412,15.758467830611181,15.028446
RPI3B+,64,O1,SMI,8,RGB565,128,0.056424771,0.000141,19.486329019236877,18.583611
RPI3B+,64,O1,SMI,8,RGB565,256,0.047153843,0.00055,23.317539902827,22.237339
RPI3B+,64,O1,SMI,8,RGB565,512,0.040317729,0.002643,27.27116931154208,26.007814
RPI3B+,64,O1,SMI,8,RGB565,1024,0.039862042,0.000492,27.582922639458435,26.305125
RPI3B+,64,O1,SMI,8,RGB565,2048,0.03332075,0.000274,32.997805200511074,31.469159
RPI3B+,64,O1,SMI,8,RGB565,4096,0.032860948,0.000343,33.459523118363045,31.909487
RPI3B+,64,O1,SMI,8,RGB565,8192,0.039652125,0.00019,27.72894548020848,26.444383
RPI3B+,64,O1,SMI,8,RGB565,16384,0.043590104,0.000391,25.223881959158053,24.055368
RPI3B+,64,O1,SMI,8,RGB565,32768,0.045300343,0.000386,24.27159603785289,23.147198
RPI3B+,64,O1,SMI,8,RGB565,65536,0.047299219,0.000988,23.245872635416934,22.168992
RPI3B+,64,O1,SMI,8,RGB565,131072,0.04867151,0.0004,22.590455953122916,21.543938
RPI3B+,64,O1,SMI,8,RGB565,262144,0.04926951,0.000537,22.31626853948116,21.282452
RPI3B+,64,O1,SMI,8,RGB565,524288,0.050508917,0.000283,21.76866337033709,20.760216
RPI3B+,64,O1,SMI,8,RGB565,1048576,0.050588781,0.000277,21.734297034899324,20.727441
RPI3B+,64,O0,SMI,8,RGB565,8,0.273466854,0.003928,4.020639144869888,3.834381
RPI3B+,64,O0,SMI,8,RGB565,16,0.165638708,0.000934,6.638011181627866,6.330501
RPI3B+,64,O0,SMI,8,RGB565,32,0.113909437,0.0027,9.652507027129236,9.205348
RPI3B+,64,O0,SMI,8,RGB565,64,0.088827614,0.000171,12.37803802271154,11.804617
RPI3B+,64,O0,SMI,8,RGB565,128,0.07531274,0.000297,14.599278010214382,13.922956
RPI3B+,64,O0,SMI,8,RGB565,256,0.064544687,0.000265,17.034889779784713,16.245737
RPI3B+,64,O0,SMI,8,RGB565,512,0.056109885,9.1e-05,19.59568424671222,18.687901
RPI3B+,64,O0,SMI,8,RGB565,1024,0.051033041,0.000309,21.54509307399163,20.547002
RPI3B+,64,O0,SMI,8,RGB565,2048,0.048631896,0.000141,22.608858479237004,21.561487
RPI3B+,64,O0,SMI,8,RGB565,4096,0.048446896,0.000483,22.695192132249975,21.643822
RPI3B+,64,O0,SMI,8,RGB565,8192,0.056927885,0.000391,19.314113612489948,18.419374
RPI3B+,64,O0,SMI,8,RGB565,16384,0.061025396,0.000154,18.01727922994676,17.182617
RPI3B+,64,O0,SMI,8,RGB565,32768,0.063099583,0.000241,17.425021794087073,16.617796
RPI3B+,64,O0,SMI,8,RGB565,65536,0.067474563,0.002918,16.29520212829143,15.540316
RPI3B+,64,O0,SMI,8,RGB565,131072,0.064866812,0.001685,16.950295554166882,16.165061
RPI3B+,64,O0,SMI,8,RGB565,262144,0.065857333,0.001377,16.695356191080972,15.921932
RPI3B+,64,O0,SMI,8,RGB565,524288,0.06879201,0.00042,15.983129942003025,15.2427
RPI3B+,64,O0,SMI,8,RGB565,1048576,0.068733823,0.000164,15.996660532094435,15.255604
RPI3B+,64,O3,SMI,8,RGB565,8,0.245803625,0.002496,4.265909157887999,4.265909
RPI3B+,64,O3,SMI,8,RGB565,16,0.142734375,0.000118,7.346345476095999,7.346345
RPI3B+,64,O3,SMI,8,RGB565,32,0.093012864,0.00066,11.273451339775999,11.273451
RPI3B+,64,O3,SMI,8,RGB565,64,0.066840458,8.9e-05,15.687744487423998,15.687744
RPI3B+,64,O3,SMI,8,RGB565,128,0.054717844,0.000996,19.163328282623997,19.163328
RPI3B+,64,O3,SMI,8,RGB565,256,0.046512469,7.7e-05,22.543976103936,22.543976
RPI3B+,64,O3,SMI,8,RGB565,512,0.038356521,0.000108,27.337619931136,27.33762
RPI3B+,64,O3,SMI,8,RGB565,1024,0.034239031,8.8e-05,30.625165737984002,30.625166
RPI3B+,64,O3,SMI,8,RGB565,2048,0.03215075,9.8e-05,32.614356353024,32.614356
RPI3B+,64,O3,SMI,8,RGB565,4096,0.031330406,0.000377,33.468318744575996,33.468318
RPI3B+,64,O3,SMI,8,RGB565,8192,0.030637865,0.000117,34.2248390656,34.224839
RPI3B+,64,O3,SMI,8,RGB565,16384,0.030436385,0.00012,34.451397541888,34.451397
RPI3B+,64,O3,SMI,8,RGB565,32768,0.030294063,8.2e-05,34.613251538944,34.613251
RPI3B+,64,O3,SMI,8,RGB565,65536,0.030236666,0.000121,34.678955311104,34.678955
RPI3B+,64,O3,SMI,8,RGB565,131072,0.030441906,0.000512,34.445149077504,34.445149
RPI3B+,64,O3,SMI,8,RGB565,262144,0.030022823,0.000332,34.925963116544,34.925963
RPI3B+,64,O3,SMI,8,RGB565,524288,0.030975052,0.000275,33.852275818496,33.852276
RPI3B+,64,O3,SMI,8,RGB565,1048576,0.031413573,0.000271,33.379710926848,33.379711
RPI3B+,64,O3,SMI,8,XRGB,8,0.26390276,0.002926,3.9733417738239996,3.973342
RPI3B+,64,O3,SMI,8,XRGB,16,0.160710719,0.002621,6.52461735936,6.524618
RPI3B+,64,O3,SMI,8,XRGB,32,0.109839521,0.008104,9.546436182016,9.546436
RPI3B+,64,O3,SMI,8,XRGB,64,0.078237781,0.000169,13.402425524224,13.402425
RPI3B+,64,O3,SMI,8,XRGB,128,0.065025552,0.000973,16.12559941632,16.125599
RPI3B+,64,O3,SMI,8,XRGB,256,0.054713406,0.000368,19.164882272256,19.164883
RPI3B+,64,O3,SMI,8,XRGB,512,0.047436562,0.000102,22.104806260735998,22.104806
RPI3B+,64,O3,SMI,8,XRGB,1024,0.043796823,0.000128,23.941827526656002,23.941828
RPI3B+,64,O3,SMI,8,XRGB,2048,0.042266583,0.000331,24.808629731327997,24.808629
RPI3B+,64,O3,SMI,8,XRGB,4096,0.04119151,0.000311,25.456119119872,25.456119
RPI3B+,64,O3,SMI,8,XRGB,8192,0.040729073,0.000338,25.745147559935997,25.745148
RPI3B+,64,O3,SMI,8,XRGB,16384,0.040466562,0.000192,25.912159502336,25.912159
RPI3B+,64,O3,SMI,8,XRGB,32768,0.039805719,0.000812,26.342346194944,26.342346
RPI3B+,64,O3,SMI,8,XRGB,65536,0.039832156,0.00082,26.324861190144,26.324862
RPI3B+,64,O3,SMI,8,XRGB,131072,0.040024386,0.0006,26.198428090367997,26.198428
RPI3B+,64,O3,SMI,8,XRGB,262144,0.040859271,0.000606,25.663111168,25.663111
RPI3B+,64,O3,SMI,8,XRGB,524288,0.041830969,0.000436,25.066978934783997,25.066979
RPI3B+,64,O3,SMI,8,XRGB,1048576,0.041551511,0.000233,25.235568984064,25.235569
RPI3B+,64,O3,SMI,9,XRGB,8,0.290029698,0.018214,4.067335077888,3.615409
RPI3B+,64,O3,SMI,9,XRGB,16,0.17414274,0.000982,6.774029549568,6.021359
RPI3B+,64,O3,SMI,9,XRGB,32,0.123208219,0.000991,9.574425821183999,8.510601
RPI3B+,64,O3,SMI,9,XRGB,64,0.096702511,0.000559,12.198731579391998,10.843317
RPI3B+,64,O3,SMI,9,XRGB,128,0.098486406,0.028388,11.977774596096,10.646911
RPI3B+,64,O3,SMI,9,XRGB,256,0.072294448,0.000603,16.317269671936,14.50424
RPI3B+,64,O3,SMI,9,XRGB,512,0.066389875,0.000514,17.76849256448,15.794216
RPI3B+,64,O3,SMI,9,XRGB,1024,0.063391771,0.000281,18.608850731008,16.541201
RPI3B+,64,O3,SMI,9,XRGB,2048,0.062262312,0.000312,18.94642089984,16.841263
RPI3B+,64,O3,SMI,9,XRGB,4096,0.060754812,0.00076,19.416536317951998,17.259143
RPI3B+,64,O3,SMI,9,XRGB,8192,0.059574542,0.000241,19.801209569279997,17.601075
RPI3B+,64,O3,SMI,9,XRGB,16384,0.059884698,0.000891,19.698654642176,17.509915
RPI3B+,64,O3,SMI,9,XRGB,32768,0.059275021,0.000773,19.901266788352,17.690015
RPI3B+,64,O3,SMI,9,XRGB,65536,0.059154104,0.00052,19.941946294272,17.726175
RPI3B+,64,O3,SMI,9,XRGB,131072,0.059389073,0.000564,19.863048290304,17.656043
RPI3B+,64,O3,SMI,9,XRGB,262144,0.061178552,0.000569,19.282051203072,17.139602
RPI3B+,64,O3,SMI,9,XRGB,524288,0.062605427,0.000837,18.842583564288002,16.748963
RPI3B+,64,O3,SMI,9,XRGB,1048576,0.063577239,0.000953,18.554564902912,16.492946
RPI3B+,64,O3,SMI,9,RGB565,8,0.244944812,0.002121,4.8159743016959995,4.280866
RPI3B+,64,O3,SMI,9,RGB565,16,0.148319698,0.002509,7.953414356991999,7.069702
RPI3B+,64,O3,SMI,9,RGB565,32,0.100572552,0.000341,11.72932395008,10.426065
RPI3B+,64,O3,SMI,9,RGB565,64,0.070743646,0.000198,16.674967257088,14.822193
RPI3B+,64,O3,SMI,9,RGB565,128,0.057536813,0.000323,20.502490906624,18.224437
RPI3B+,64,O3,SMI,9,RGB565,256,0.04696425,0.000822,25.117999497216,22.327111
RPI3B+,64,O3,SMI,9,RGB565,512,0.0387565,0.000254,30.437423448064,27.055487
RPI3B+,64,O3,SMI,9,RGB565,1024,0.035235011,0.001974,33.479428407296,29.759492
RPI3B+,64,O3,SMI,9,RGB565,2048,0.033114062,0.001074,35.62377786163199,31.66558
RPI3B+,64,O3,SMI,9,RGB565,4096,0.031168323,0.000158,37.847656562688,33.642362
RPI3B+,64,O3,SMI,9,RGB565,8192,0.030659104,0.000557,38.476271583232,34.20113
RPI3B+,64,O3,SMI,9,RGB565,16384,0.030537594,0.00046,38.629369970687996,34.337217
RPI3B+,64,O3,SMI,9,RGB565,32768,0.030181438,0.00017,39.085215318016,34.742414
RPI3B+,64,O3,SMI,9,RGB565,65536,0.030324323,0.000528,38.901049720832,34.578711
RPI3B+,64,O3,SMI,9,RGB565,131072,0.030192688,0.000481,39.07065269452799,34.729469
RPI3B+,64,O3,SMI,9,RGB565,262144,0.030858458,0.000777,38.227703496703995,33.980181
RPI3B+,64,O3,SMI,9,RGB565,524288,0.03105324,0.000396,37.987920379904,33.767041
RPI3B+,64,O3,SMI,9,RGB565,1048576,0.031500833,0.000483,37.448152252416,33.287246
RPI3B+,64,O3,SMI,16,RGB565,8,0.288444229,0.014543,7.270562791423999,3.635282
RPI3B+,64,O3,SMI,16,RGB565,16,0.174045063,0.001728,12.049477271552,6.024739
RPI3B+,64,O3,SMI,16,RGB565,32,0.12292601,0.00097,17.0602790912,8.530139
RPI3B+,64,O3,SMI,16,RGB565,64,0.095850573,0.000516,21.879389683712,10.939695
RPI3B+,64,O3,SMI,16,RGB565,128,0.080576365,0.001361,26.026887348223998,13.013444
RPI3B+,64,O3,SMI,16,RGB565,256,0.071968386,0.000538,29.13990606848,14.569953
RPI3B+,64,O3,SMI,16,RGB565,512,0.066060635,0.00071,31.745864892415998,15.872932
RPI3B+,64,O3,SMI,16,RGB565,1024,0.06334926,0.000423,33.104601284607995,16.552301
RPI3B+,64,O3,SMI,16,RGB565,2048,0.062636802,0.0011,33.481147023359995,16.740574
RPI3B+,64,O3,SMI,16,RGB565,4096,0.061303708,0.00051,34.209219477504,17.10461
RPI3B+,64,O3,SMI,16,RGB565,8192,0.062891865,0.007255,33.345361674239996,16.672681
RPI3B+,64,O3,SMI,16,RGB565,16384,0.063977198,0.005623,32.779679039487995,16.389839
RPI3B+,64,O3,SMI,16,RGB565,32768,0.059317823,0.000314,35.354500399104,17.67725
RPI3B+,64,O3,SMI,16,RGB565,65536,0.058831104,0.000357,35.646994382848,17.823497
RPI3B+,64,O3,SMI,16,RGB565,131072,0.060111458,0.001179,34.887724695551995,17.443862
RPI3B+,64,O3,SMI,16,RGB565,262144,0.061318062,0.0009,34.201211502591995,17.100606
RPI3B+,64,O3,SMI,16,RGB565,524288,0.062484802,0.001217,33.562593067008,16.781297
RPI3B+,64,O3,SMI,16,RGB565,1048576,0.062209583,0.001433,33.711075622912,16.855538
RPI3B+,64,O3,SMI,16,XRGB,8,0.305433437,0.00129,6.866151145472,3.433075
RPI3B+,64,O3,SMI,16,XRGB,16,0.195727302,0.003667,10.714663092223999,5.357331
RPI3B+,64,O3,SMI,16,XRGB,32,0.149862625,0.000664,13.993829728256,6.996915
RPI3B+,64,O3,SMI,16,XRGB,64,0.123182219,0.00241,17.02479527936,8.512397
RPI3B+,64,O3,SMI,16,XRGB,128,0.099347864,0.000253,21.109180203008,10.55459
RPI3B+,64,O3,SMI,16,XRGB,256,0.089598854,0.000907,23.406013579264,11.703007
RPI3B+,64,O3,SMI,16,XRGB,512,0.08354125,0.000701,25.103191506944,12.551596
RPI3B+,64,O3,SMI,16,XRGB,1024,0.080526667,0.000366,26.042950483968,13.021475
RPI3B+,64,O3,SMI,16,XRGB,2048,0.078381854,0.000344,26.75558055936,13.37779
RPI3B+,64,O3,SMI,16,XRGB,4096,0.077592313,0.000198,27.027831783424,13.513916
RPI3B+,64,O3,SMI,16,XRGB,8192,0.081291239,0.000528,25.798007324671996,12.899004
RPI3B+,64,O3,SMI,16,XRGB,16384,0.080744198,0.000265,25.972789215231998,12.986394
RPI3B+,64,O3,SMI,16,XRGB,32768,0.081761677,0.000798,25.649571954688,12.824786
RPI3B+,64,O3,SMI,16,XRGB,65536,0.081808594,0.000703,25.634861481984,12.817431
RPI3B+,64,O3,SMI,16,XRGB,131072,0.082213531,0.001107,25.508599300096,12.7543
RPI3B+,64,O3,SMI,16,XRGB,262144,0.084065583,0.00083,24.946618138624,12.473309
RPI3B+,64,O3,SMI,16,XRGB,524288,0.083251281,0.000617,25.190627016704,12.595314
RPI3B+,64,O3,SMI,16,XRGB,1048576,0.082922708,0.00049,25.290443063296,12.645221
RPI3B+,64,O3,SMI,18,XRGB,8,0.33557949,0.002192,7.030513336319999,3.124672
RPI3B+,64,O3,SMI,18,XRGB,16,0.233466437,0.003223,10.10550439936,4.491335
RPI3B+,64,O3,SMI,18,XRGB,32,0.190701406,0.001973,12.3716763648,5.498523
RPI3B+,64,O3,SMI,18,XRGB,64,0.157459677,0.001417,14.983493582847998,6.65933
RPI3B+,64,O3,SMI,18,XRGB,128,0.137055688,0.000841,17.21414189056,7.65073
RPI3B+,64,O3,SMI,18,XRGB,256,0.128016323,0.000807,18.429650141184,8.190955
RPI3B+,64,O3,SMI,18,XRGB,512,0.121587198,0.000376,19.404148441087997,8.624066
RPI3B+,64,O3,SMI,18,XRGB,1024,0.130912865,0.007631,18.021880954879997,8.009725
RPI3B+,64,O3,SMI,18,XRGB,2048,0.124442729,0.000821,18.958889517055997,8.426173
RPI3B+,64,O3,SMI,18,XRGB,4096,0.124867886,0.002978,18.894338129919998,8.397483
RPI3B+,64,O3,SMI,18,XRGB,8192,0.120436208,0.001051,19.589590155264002,8.706485
RPI3B+,64,O3,SMI,18,XRGB,16384,0.119857396,0.001054,19.684191633408,8.74853
RPI3B+,64,O3,SMI,18,XRGB,32768,0.120341906,0.001355,19.604941307904,8.713307
RPI3B+,64,O3,SMI,18,XRGB,65536,0.120641219,0.001637,19.556301012991998,8.691689
RPI3B+,64,O3,SMI,18,XRGB,131072,0.127629344,0.000945,18.4855298048,8.215791
RPI3B+,64,O3,SMI,18,XRGB,262144,0.1302945,0.000844,18.107410153472,8.047738
RPI3B+,64,O3,SMI,18,XRGB,524288,0.128880073,0.000708,18.306135228416,8.13606
RPI3B+,64,O3,SMI,18,XRGB,1048576,0.125489531,0.000391,18.800740139008,8.355884
RPI3B+,64,O3,SMI,18,RGB565,8,0.2747325,0.00168,8.58761199616,3.816716
RPI3B+,64,O3,SMI,18,RGB565,16,0.176235125,0.003273,13.387206492159999,5.94987
RPI3B+,64,O3,SMI,18,RGB565,32,0.12941201,0.000922,18.230889414655998,8.102617
RPI3B+,64,O3,SMI,18,RGB565,64,0.101738833,0.000445,23.189729050624,10.306546
RPI3B+,64,O3,SMI,18,RGB565,128,0.085308677,0.001169,27.655990673408,12.291552
RPI3B+,64,O3,SMI,18,RGB565,256,0.071869115,0.000268,32.827675508736,14.590078
RPI3B+,64,O3,SMI,18,RGB565,512,0.066640479,0.000486,35.403347263488,15.734821
RPI3B+,64,O3,SMI,18,RGB565,1024,0.062947313,0.000278,37.480488239104,16.657995
RPI3B+,64,O3,SMI,18,RGB565,2048,0.061407364,0.000138,38.420407648255996,17.075737
RPI3B+,64,O3,SMI,18,RGB565,4096,0.061146323,0.000901,38.58443010048,17.148636
RPI3B+,64,O3,SMI,18,RGB565,8192,0.059706593,0.000146,39.51483158528,17.562147
RPI3B+,64,O3,SMI,18,RGB565,16384,0.06000451,0.000817,39.318644064256,17.474953
RPI3B+,64,O3,SMI,18,RGB565,32768,0.062072625,0.001134,38.008639193088,16.892728
RPI3B+,64,O3,SMI,18,RGB565,65536,0.062455583,0.000415,37.775581642751995,16.789148
RPI3B+,64,O3,SMI,18,RGB565,131072,0.064199073,0.001258,36.74968948736,16.333195
RPI3B+,64,O3,SMI,18,RGB565,262144,0.065230281,0.000681,36.168723857408,16.074988
RPI3B+,64,O3,SMI,18,RGB565,524288,0.065581135,0.000293,35.975223836672,15.988988
RPI3B+,64,O3,SMI,18,RGB565,1048576,0.065437708,0.001142,36.05407465472,16.024033
RPI4,64,O3,SMI,8,RGB565,8,0.320666541,0.000115,3.428831409265967,3.269989
RPI4,64,O3,SMI,8,RGB565,16,0.185875251,0.000129,5.915319780876746,5.641289
RPI4,64,O3,SMI,8,RGB565,32,0.118376008,5.2e-05,9.28829819847495,8.858011
RPI4,64,O3,SMI,8,RGB565,64,0.084167864,1.3e-05,13.063318540327584,12.458151
RPI4,64,O3,SMI,8,RGB565,128,0.067276039,6.3e-05,16.343287070308957,15.586173
RPI4,64,O3,SMI,8,RGB565,256,0.054739377,5.9e-05,20.08630172818866,19.15579
RPI4,64,O3,SMI,8,RGB565,512,0.044219656,6.4e-05,24.864771565921764,23.712894
RPI4,64,O3,SMI,8,RGB565,1024,0.038926099,2.5e-05,28.246129361635244,26.937608
RPI4,64,O3,SMI,8,RGB565,2048,0.036317096,2.6e-05,30.275317653114453,28.872793
RPI4,64,O3,SMI,8,RGB565,4096,0.035007771,2.5e-05,31.407645304933055,29.952664
RPI4,64,O3,SMI,8,RGB565,8192,0.034369891,1.8e-05,31.990546996351988,30.508563
RPI4,64,O3,SMI,8,RGB565,16384,0.034073194,2e-05,32.26910936676067,30.774221
RPI4,64,O3,SMI,8,RGB565,32768,0.033924854,2.5e-05,32.41020969395316,30.908784
RPI4,64,O3,SMI,8,RGB565,65536,0.033830551,3.5e-05,32.50055326587263,30.994943
RPI4,64,O3,SMI,8,RGB565,131072,0.033787055,3.7e-05,32.542392981844394,31.034844
RPI4,64,O3,SMI,8,RGB565,262144,0.033815788,2e-05,32.51474246342908,31.008474
RPI4,64,O3,SMI,8,RGB565,524288,0.033871662,7.1e-05,32.46110718671454,30.957324
RPI4,64,O3,SMI,8,RGB565,1048576,0.034492641,0.000242,31.876701363388808,30.399992
RPI4,64,O2,SMI,8,RGB565,8,0.32095067,0.000311,3.425796757173305,3.267094
RPI4,64,O2,SMI,8,RGB565,16,0.185623909,0.000137,5.923329723085094,5.648927
RPI4,64,O2,SMI,8,RGB565,32,0.118478156,4.4e-05,9.280289355778228,8.850374
RPI4,64,O2,SMI,8,RGB565,64,0.084508501,3.9e-05,13.01066292847339,12.407935
RPI4,64,O2,SMI,8,RGB565,128,0.067729122,4.2e-05,16.233957131601052,15.481907
RPI4,64,O2,SMI,8,RGB565,256,0.055162861,2.5e-05,19.932099620439587,19.008731
RPI4,64,O2,SMI,8,RGB565,512,0.044637294,6.8e-05,24.632130298647148,23.49103
RPI4,64,O2,SMI,8,RGB565,1024,0.039368268,5.9e-05,27.92887957509164,26.635055
RPI4,64,O2,SMI,8,RGB565,2048,0.036723048,5.7e-05,29.940641706782227,28.553621
RPI4,64,O2,SMI,8,RGB565,4096,0.035382773,2e-05,31.074772557670382,29.635212
RPI4,64,O2,SMI,8,RGB565,8192,0.03486899,0.000146,31.532649881406538,30.071878
RPI4,64,O2,SMI,8,RGB565,16384,0.034414361,3.7e-05,31.949209757194122,30.469141
RPI4,64,O2,SMI,8,RGB565,32768,0.034246781,3.6e-05,32.10554601701271,30.618235
RPI4,64,O2,SMI,8,RGB565,65536,0.034183063,6.7e-05,32.16539133540093,30.675308
RPI4,64,O2,SMI,8,RGB565,131072,0.034118097,2.1e-05,32.226639630626195,30.733718
RPI4,64,O2,SMI,8,RGB565,262144,0.034093664,2.2e-05,32.249734872367625,30.755744
RPI4,64,O2,SMI,8,RGB565,524288,0.034117005,4.7e-05,32.22767097253305,30.734703
RPI4,64,O2,SMI,8,RGB565,1048576,0.034318306,7.4e-05,32.03863303788115,30.554422
RPI4,64,O1,SMI,8,RGB565,8,0.322015163,6e-05,3.414471787407212,3.256294
RPI4,64,O1,SMI,8,RGB565,16,0.186212368,0.000134,5.904611637133836,5.631076
RPI4,64,O1,SMI,8,RGB565,32,0.118198641,3.8e-05,9.302235607868635,8.871303
RPI4,64,O1,SMI,8,RGB565,64,0.084370338,3.8e-05,13.031969264796432,12.428254
RPI4,64,O1,SMI,8,RGB565,128,0.067738271,3.4e-05,16.231763605903637,15.479816
RPI4,64,O1,SMI,8,RGB565,256,0.055179361,4.7e-05,19.926139167905415,19.003047
RPI4,64,O1,SMI,8,RGB565,512,0.044634227,2.5e-05,24.633822447042295,23.492644
RPI4,64,O1,SMI,8,RGB565,1024,0.039339731,2.2e-05,27.949140275856667,26.654377
RPI4,64,O1,SMI,8,RGB565,2048,0.036729654,6.4e-05,29.935257398341008,28.548486
RPI4,64,O1,SMI,8,RGB565,4096,0.035395716,3.3e-05,31.063410204508944,29.624376
RPI4,64,O1,SMI,8,RGB565,8192,0.034760837,4.6e-05,31.63075820444136,30.165441
RPI4,64,O1,SMI,8,RGB565,16384,0.034396348,1.6e-05,31.96594102563399,30.485096
RPI4,64,O1,SMI,8,RGB565,32768,0.034272391,3.8e-05,32.08155577280627,30.595356
RPI4,64,O1,SMI,8,RGB565,65536,0.034148188,9e-06,32.19824144430399,30.706636
RPI4,64,O1,SMI,8,RGB565,131072,0.034124477,2.5e-05,32.22061430690598,30.727972
RPI4,64,O1,SMI,8,RGB565,262144,0.034093708,2.1e-05,32.249694190437395,30.755705
RPI4,64,O1,SMI,8,RGB565,524288,0.034398956,0.000493,31.963516602494746,30.482785
RPI4,64,O1,SMI,8,RGB565,1048576,0.034297783,5.7e-05,32.05780412262305,30.572705
RPI4,64,O0,SMI,8,RGB565,8,0.332404908,0.000453,3.307747691257135,3.154514
RPI4,64,O0,SMI,8,RGB565,16,0.194123872,0.000207,5.663969223743897,5.401582
RPI4,64,O0,SMI,8,RGB565,32,0.127056577,8.8e-05,8.653717261527284,8.252827
RPI4,64,O0,SMI,8,RGB565,64,0.091737436,9.2e-05,11.985418913107148,11.430186
RPI4,64,O0,SMI,8,RGB565,128,0.074755835,0.000134,14.708037302387474,14.026678
RPI4,64,O0,SMI,8,RGB565,256,0.061953253,8.6e-05,17.747440384792853,16.925278
RPI4,64,O0,SMI,8,RGB565,512,0.051434807,0.000329,21.376800724732608,20.386506
RPI4,64,O0,SMI,8,RGB565,1024,0.045877098,8.2e-05,23.966459570912495,22.856197
RPI4,64,O0,SMI,8,RGB565,2048,0.043242492,6.1e-05,25.426648395994363,24.248741
RPI4,64,O0,SMI,8,RGB565,4096,0.041902991,0.000121,26.23945467024638,25.023894
RPI4,64,O0,SMI,8,RGB565,8192,0.041455932,3e-05,26.522419485212673,25.29375
RPI4,64,O0,SMI,8,RGB565,16384,0.041117607,6.2e-05,26.740652752116905,25.501873
RPI4,64,O0,SMI,8,RGB565,32768,0.041035715,5.2e-05,26.794016449459388,25.552766
RPI4,64,O0,SMI,8,RGB565,65536,0.041050652,0.000188,26.784267079855898,25.543468
RPI4,64,O0,SMI,8,RGB565,131072,0.041003704,0.000141,26.814934658177826,25.572714
RPI4,64,O0,SMI,8,RGB565,262144,0.04097293,0.000236,26.835074412663797,25.591921
RPI4,64,O0,SMI,8,RGB565,524288,0.041046963,4.8e-05,26.7866739108091,25.545763
RPI4,64,O0,SMI,8,RGB565,1048576,0.041055489,9.4e-05,26.78111148148418,25.540458
RPI4,64,O3,SMI,8,XRGB,8,0.341635396,0.00447,3.218377187128246,3.069284
RPI4,64,O3,SMI,8,XRGB,16,0.203375093,0.000446,5.4063239625420305,5.155872
RPI4,64,O3,SMI,8,XRGB,32,0.131554939,0.000704,8.357813393725325,7.970632
RPI4,64,O3,SMI,8,XRGB,64,0.097276862,0.000259,11.30291026430473,10.779295
RPI4,64,O3,SMI,8,XRGB,128,0.079195897,0.000311,13.883442064462445,13.240282
RPI4,64,O3,SMI,8,XRGB,256,0.063637144,0.000869,17.277827973453448,16.477421
RPI4,64,O3,SMI,8,XRGB,512,0.05498986,0.002094,19.994806967594908,19.068534
RPI4,64,O3,SMI,8,XRGB,1024,0.050727738,0.000995,21.67476177879014,20.670663
RPI4,64,O3,SMI,8,XRGB,2048,0.048107826,0.001314,22.855151282882083,21.796371
RPI4,64,O3,SMI,8,XRGB,4096,0.049233412,0.002956,22.332631471525723,21.298057
RPI4,64,O3,SMI,8,XRGB,8192,0.046612103,0.001289,23.588544230306347,22.495788
RPI4,64,O3,SMI,8,XRGB,16384,0.047214433,0.002281,23.287616693877077,22.208802
RPI4,64,O3,SMI,8,XRGB,32768,0.046662496,0.001699,23.563069645402404,22.471494
RPI4,64,O3,SMI,8,XRGB,65536,0.045607123,0.000623,24.108331755267685,22.991497
RPI4,64,O3,SMI,8,XRGB,131072,0.045202513,0.000224,24.32412630538151,23.197294
RPI4,64,O3,SMI,8,XRGB,262144,0.04698084,0.000468,23.403405163886543,22.319226
RPI4,64,O3,SMI,8,XRGB,524288,0.045965771,0.000835,23.92022620647614,22.812105
RPI4,64,O3,SMI,8,XRGB,1048576,0.047039358,0.000743,23.374291195494663,22.291461
RPI4,64,O3,SMI,9,XRGB,8,0.355249333,0.000221,3.481922427724759,2.951662
RPI4,64,O3,SMI,9,XRGB,16,0.219344587,0.000183,5.63930277988637,4.780496
RPI4,64,O3,SMI,9,XRGB,32,0.152192674,0.000385,8.12753057889229,6.889793
RPI4,64,O3,SMI,9,XRGB,64,0.1181666,0.00015,10.467853173241414,8.873709
RPI4,64,O3,SMI,9,XRGB,128,0.097006285,0.000107,12.751241955992667,10.809362
RPI4,64,O3,SMI,9,XRGB,256,0.082280963,0.000103,15.033253050674313,12.743847
RPI4,64,O3,SMI,9,XRGB,512,0.074889625,3.1e-05,16.51698241970687,14.001619
RPI4,64,O3,SMI,9,XRGB,1024,0.071279909,0.000149,17.353424895421185,14.710681
RPI4,64,O3,SMI,9,XRGB,2048,0.069379313,2.6e-05,17.828809742806417,15.113669
RPI4,64,O3,SMI,9,XRGB,4096,0.068531234,0.000128,18.049443243594087,15.300702
RPI4,64,O3,SMI,9,XRGB,8192,0.068046855,3.9e-05,18.177924475834597,15.409617
RPI4,64,O3,SMI,9,XRGB,16384,0.067800751,3.8e-05,18.24390726812906,15.465551
RPI4,64,O3,SMI,9,XRGB,32768,0.067958379,0.000136,18.201590364110846,15.429679
RPI4,64,O3,SMI,9,XRGB,65536,0.067656545,4.3e-05,18.282792596356988,15.498515
RPI4,64,O3,SMI,9,XRGB,131072,0.067582184,2.6e-05,18.302909261098776,15.515568
RPI4,64,O3,SMI,9,XRGB,262144,0.067705379,2.8e-05,18.269606153405068,15.487337
RPI4,64,O3,SMI,9,XRGB,524288,0.068488517,0.000186,18.060700043639258,15.310245
RPI4,64,O3,SMI,9,XRGB,1048576,0.068529706,7.6e-05,18.049844565338223,15.301043
RPI4,64,O3,SMI,9,RGB565,8,0.321730844,7.3e-05,3.844675502983872,3.259172
RPI4,64,O3,SMI,9,RGB565,16,0.186521495,7.5e-05,6.631677994651876,5.621743
RPI4,64,O3,SMI,9,RGB565,32,0.119440437,2.2e-05,10.356213160603547,8.77907
RPI4,64,O3,SMI,9,RGB565,64,0.084595515,6.2e-05,14.621940044374474,12.395172
RPI4,64,O3,SMI,9,RGB565,128,0.067944531,0.000537,18.205300116342965,15.432824
RPI4,64,O3,SMI,9,RGB565,256,0.05511658,3.2e-05,22.44244079730334,19.024693
RPI4,64,O3,SMI,9,RGB565,512,0.044581339,3e-05,27.745927437299482,23.520514
RPI4,64,O3,SMI,9,RGB565,1024,0.039329618,1.8e-05,31.45086710702093,26.66123
RPI4,64,O3,SMI,9,RGB565,2048,0.036708845,1.2e-05,33.69625456889299,28.564669
RPI4,64,O3,SMI,9,RGB565,4096,0.035372313,2e-05,34.96945714802038,29.643976
RPI4,64,O3,SMI,9,RGB565,8192,0.034707742,1.8e-05,35.63903883861504,30.211588
RPI4,64,O3,SMI,9,RGB565,16384,0.03441712,3.1e-05,35.93997956918385,30.466698
RPI4,64,O3,SMI,9,RGB565,32768,0.034240648,3.5e-05,36.125209895068764,30.62372
RPI4,64,O3,SMI,9,RGB565,65536,0.034155997,3e-05,36.2147409278953,30.699616
RPI4,64,O3,SMI,9,RGB565,131072,0.034114409,3.5e-05,36.258889618285394,30.737042
RPI4,64,O3,SMI,9,RGB565,262144,0.034188382,0.000115,36.180436165108695,30.670536
RPI4,64,O3,SMI,9,RGB565,524288,0.034188879,6.9e-05,36.17991059855061,30.67009
RPI4,64,O3,SMI,9,RGB565,1048576,0.034487871,8.9e-05,35.86624961796007,30.404196
RPI4,64,O3,SMI,16,XRGB,8,0.388736621,0.000504,5.656846587419164,2.697394
RPI4,64,O3,SMI,16,XRGB,16,0.244916267,0.000646,8.97867352506997,4.281365
RPI4,64,O3,SMI,16,XRGB,32,0.177108414,9.7e-05,12.416254847869778,5.920532
RPI4,64,O3,SMI,16,XRGB,64,0.141143336,9e-05,15.580070969492896,7.429157
RPI4,64,O3,SMI,16,XRGB,128,0.116773347,5.1e-05,18.831551153198596,8.979583
RPI4,64,O3,SMI,16,XRGB,256,0.103040781,3.2e-05,21.341290897201954,10.17632
RPI4,64,O3,SMI,16,XRGB,512,0.096472893,3.2e-05,22.794208651889342,10.869126
RPI4,64,O3,SMI,16,XRGB,1024,0.093095054,6.2e-05,23.621267895372217,11.263499
RPI4,64,O3,SMI,16,XRGB,2048,0.091517665,8.6e-05,24.02840275748651,11.457635
RPI4,64,O3,SMI,16,XRGB,4096,0.090654349,4.1e-05,24.25722871941274,11.566748
RPI4,64,O3,SMI,16,XRGB,8192,0.090226591,3.5e-05,24.372229939096716,11.621585
RPI4,64,O3,SMI,16,XRGB,16384,0.090103704,7.1e-05,24.405470374627637,11.637435
RPI4,64,O3,SMI,16,XRGB,32768,0.08998785,9e-05,24.436891118414593,11.652417
RPI4,64,O3,SMI,16,XRGB,65536,0.089966603,4.3e-05,24.44266245494879,11.655169
RPI4,64,O3,SMI,16,XRGB,131072,0.089949966,7.1e-05,24.447182547250573,11.657325
RPI4,64,O3,SMI,16,XRGB,262144,0.090273759,6.1e-05,24.359495395423814,11.615513
RPI4,64,O3,SMI,16,XRGB,524288,0.091249933,0.000132,24.09890234354788,11.491252
RPI4,64,O3,SMI,16,XRGB,1048576,0.091112917,1.9e-05,24.135142246799376,11.508533
RPI4,64,O3,SMI,16,RGB565,8,0.356839179,0.005758,6.16250538796358,2.938511
RPI4,64,O3,SMI,16,RGB565,16,0.218816143,0.00011,10.049638532454022,4.792041
RPI4,64,O3,SMI,16,RGB565,32,0.151816609,0.000265,14.484734187367563,6.90686
RPI4,64,O3,SMI,16,RGB565,64,0.117745016,4.6e-05,18.67614727924036,8.905481
RPI4,64,O3,SMI,16,RGB565,128,0.096631416,3.5e-05,22.75681536094031,10.851295
RPI4,64,O3,SMI,16,RGB565,256,0.081948921,3.4e-05,26.83407165805927,12.795483
RPI4,64,O3,SMI,16,RGB565,512,0.074648536,8.5e-05,29.4583574239327,14.046839
RPI4,64,O3,SMI,16,RGB565,1024,0.071018566,0.000233,30.96406163235799,14.764815
RPI4,64,O3,SMI,16,RGB565,2048,0.069259848,2.5e-05,31.750333392496888,15.139739
RPI4,64,O3,SMI,16,RGB565,4096,0.068299459,2e-05,32.196788989443704,15.352625
RPI4,64,O3,SMI,16,RGB565,8192,0.067885302,3.9e-05,32.39321674174588,15.446289
RPI4,64,O3,SMI,16,RGB565,16384,0.06778301,6.6e-05,32.442101028716806,15.469599
RPI4,64,O3,SMI,16,RGB565,32768,0.067717603,0.000292,32.47343601059679,15.484541
RPI4,64,O3,SMI,16,RGB565,65536,0.067694133,0.000122,32.48469500966522,15.489909
RPI4,64,O3,SMI,16,RGB565,131072,0.067597268,8.5e-05,32.53124393393875,15.512106
RPI4,64,O3,SMI,16,RGB565,262144,0.067718445,6.9e-05,32.4730324898294,15.484349
RPI4,64,O3,SMI,16,RGB565,524288,0.068460247,0.000102,32.121170077243406,15.316567
RPI4,64,O3,SMI,16,RGB565,1048576,0.068507655,7.5e-05,32.09894235017629,15.305968
RPI4,64,O3,SMI,18,XRGB,8,0.422442813,0.000207,5.856180348953558,2.482173
RPI4,64,O3,SMI,18,XRGB,16,0.286908444,8.6e-05,8.622615376112384,3.654741
RPI4,64,O3,SMI,18,XRGB,32,0.219625577,8e-05,11.26417556916981,4.77438
RPI4,64,O3,SMI,18,XRGB,64,0.181576396,0.000146,13.62457414633049,5.774848
RPI4,64,O3,SMI,18,XRGB,128,0.158445669,3.9e-05,15.613560994163324,6.61789
RPI4,64,O3,SMI,18,XRGB,256,0.146785439,6.6e-05,16.853859588317903,7.143597
RPI4,64,O3,SMI,18,XRGB,512,0.140928478,5.8e-05,17.55430237128098,7.440483
RPI4,64,O3,SMI,18,XRGB,1024,0.138063698,6.3e-05,17.918549682842237,7.594871
RPI4,64,O3,SMI,18,XRGB,2048,0.136534012,3.6e-05,18.11930291388809,7.679962
RPI4,64,O3,SMI,18,XRGB,4096,0.135947393,4.4e-05,18.19748918573924,7.713101
RPI4,64,O3,SMI,18,XRGB,8192,0.135554616,3.5e-05,18.25021736536087,7.73545
RPI4,64,O3,SMI,18,XRGB,16384,0.135466503,8.7e-05,18.26208769289434,7.740482
RPI4,64,O3,SMI,18,XRGB,32768,0.135271328,3.6e-05,18.28843748905399,7.75165
RPI4,64,O3,SMI,18,XRGB,65536,0.135272887,6.2e-05,18.288226382821456,7.751561
RPI4,64,O3,SMI,18,XRGB,131072,0.135492697,0.000148,18.25855716105755,7.738985
RPI4,64,O3,SMI,18,XRGB,262144,0.13670711,0.000119,18.096360504262915,7.670237
RPI4,64,O3,SMI,18,XRGB,524288,0.137345504,0.000405,18.012246765226422,7.634586
RPI4,64,O3,SMI,18,XRGB,1048576,0.136640512,0.000118,18.105180786540934,7.673976
RPI4,64,O3,SMI,18,RGB565,8,0.355133773,0.000323,6.9661109489143636,2.952623
RPI4,64,O3,SMI,18,RGB565,16,0.220653532,0.000382,11.21170027722257,4.752138
RPI4,64,O3,SMI,18,RGB565,32,0.152853104,8.2e-05,16.184827653537138,6.860024
RPI4,64,O3,SMI,18,RGB565,64,0.118940768,0.00013,20.79943837289441,8.815951
RPI4,64,O3,SMI,18,RGB565,128,0.097750168,0.000152,25.30840801505496,10.727102
RPI4,64,O3,SMI,18,RGB565,256,0.083069509,2.9e-05,29.78109817154542,12.622875
RPI4,64,O3,SMI,18,RGB565,512,0.075767473,0.000139,32.65122923983143,13.839395
RPI4,64,O3,SMI,18,RGB565,1024,0.072033417,1.5e-05,34.34379874793213,14.556799
RPI4,64,O3,SMI,18,RGB565,2048,0.070150197,2.2e-05,35.26577663121764,14.947585
RPI4,64,O3,SMI,18,RGB565,4096,0.069560248,0.000369,35.56487018225179,15.074357
RPI4,64,O3,SMI,18,RGB565,8192,0.068820019,4.6e-05,35.94740567071785,15.236497
RPI4,64,O3,SMI,18,RGB565,16384,0.068591418,2.9e-05,36.0672117562152,15.287277
RPI4,64,O3,SMI,18,RGB565,32768,0.068539185,5.7e-05,36.09469734788635,15.298927
RPI4,64,O3,SMI,18,RGB565,65536,0.068426446,3.5e-05,36.1541677328095,15.324134
RPI4,64,O3,SMI,18,RGB565,131072,0.068422417,4.5e-05,36.15629638732087,15.325036
RPI4,64,O3,SMI,18,RGB565,262144,0.068505704,0.000147,36.112337912442385,15.306404
RPI4,64,O3,SMI,18,RGB565,524288,0.069100883,0.00012,35.801295968549205,15.174567
RPI4,64,O3,SMI,18,RGB565,1048576,0.069127887,0.000123,35.78731018064389,15.16864
RPI3B+,32,O3,SMI,8,RGB565,8,0.25501125,5.1e-05,4.111881732096,4.111881
RPI3B+,32,O3,SMI,8,RGB565,16,0.160000229,9.9e-05,6.553590562815999,6.553591
RPI3B+,32,O3,SMI,8,RGB565,32,0.109719688,6.6e-05,9.556863221759999,9.556863
RPI3B+,32,O3,SMI,8,RGB565,64,0.084058208,4.6e-05,12.474403258368,12.474403
RPI3B+,32,O3,SMI,8,RGB565,128,0.071360156,0.000113,14.694137987071999,14.694138
RPI3B+,32,O3,SMI,8,RGB565,256,0.05781026,3.9e-05,18.138233044992,18.138233
RPI3B+,32,O3,SMI,8,RGB565,512,0.043884729,4.2e-05,23.89386985472,23.89387
RPI3B+,32,O3,SMI,8,RGB565,1024,0.03710377,0.000293,28.260632100864,28.260632
RPI3B+,32,O3,SMI,8,RGB565,2048,0.033635,0.000359,31.175144898559996,31.175145
RPI3B+,32,O3,SMI,8,RGB565,4096,0.03168849,5.8e-05,33.090122547200004,33.090122
RPI3B+,32,O3,SMI,8,RGB565,8192,0.030803073,4.3e-05,34.041279545344004,34.041279
RPI3B+,32,O3,SMI,8,RGB565,16384,0.030400906,3e-05,34.491603091456,34.491603
RPI3B+,32,O3,SMI,8,RGB565,32768,0.030215979,4.7e-05,34.702698217472,34.702698
RPI3B+,32,O3,SMI,8,RGB565,65536,0.030082396,5.9e-05,34.856797995007994,34.856798
RPI3B+,32,O3,SMI,8,RGB565,131072,0.030113469,0.000104,34.820830789632,34.820831
RPI3B+,32,O3,SMI,8,RGB565,262144,0.030138323,0.000175,34.79211553587199,34.792115
RPI3B+,32,O3,SMI,8,RGB565,524288,0.030398469,0.000299,34.494369234944,34.494369
RPI3B+,32,O3,SMI,8,RGB565,1048576,0.031182646,0.000151,33.626908524544,33.626909
RPI3B+,32,O3,SMI,8,XRGB,8,0.273961448,0.001452,3.827458637824,3.827458
RPI3B+,32,O3,SMI,8,XRGB,16,0.177725646,0.00041,5.8999701504,5.89997
RPI3B+,32,O3,SMI,8,XRGB,32,0.121939708,0.000983,8.599134797823998,8.599135
RPI3B+,32,O3,SMI,8,XRGB,64,0.095795938,0.000176,10.945933869055999,10.945934
RPI3B+,32,O3,SMI,8,XRGB,128,0.081927875,0.000266,12.798769758207998,12.79877
RPI3B+,32,O3,SMI,8,XRGB,256,0.063171781,0.000472,16.598803939328,16.598804
RPI3B+,32,O3,SMI,8,XRGB,512,0.050900469,0.000172,20.600518082559997,20.600518
RPI3B+,32,O3,SMI,8,XRGB,1024,0.04526725,0.000319,23.164119678975997,23.16412
RPI3B+,32,O3,SMI,8,XRGB,2048,0.042923261,0.000537,24.429085065216,24.429085
RPI3B+,32,O3,SMI,8,XRGB,4096,0.040924437,0.000303,25.622246064128,25.622246
RPI3B+,32,O3,SMI,8,XRGB,8192,0.040034542,0.000121,26.19178221568,26.191782
RPI3B+,32,O3,SMI,8,XRGB,16384,0.0398685,0.000253,26.300864528384,26.300864
RPI3B+,32,O3,SMI,8,XRGB,32768,0.039684063,0.000223,26.423101227007997,26.423101
RPI3B+,32,O3,SMI,8,XRGB,65536,0.039738375,0.000383,26.386987220991998,26.386987
RPI3B+,32,O3,SMI,8,XRGB,131072,0.04270475,0.001794,24.554083713024,24.554084
RPI3B+,32,O3,SMI,8,XRGB,262144,0.04029024,0.000497,26.025558802432,26.025559
RPI3B+,32,O3,SMI,8,XRGB,524288,0.041605844,0.000294,25.20261328896,25.202614
RPI3B+,32,O3,SMI,8,XRGB,1048576,0.041802041,0.000452,25.084325527552,25.084325
RPI3B+,32,O3,SMI,9,XRGB,8,0.292567375,0.000505,4.032055738367999,3.58405
RPI3B+,32,O3,SMI,9,XRGB,16,0.207379,0.016459,5.6883675136,5.056327
RPI3B+,32,O3,SMI,9,XRGB,32,0.145533604,0.00473,8.105673883647999,7.205044
RPI3B+,32,O3,SMI,9,XRGB,64,0.122763573,0.006293,9.609104326656,8.541426
RPI3B+,32,O3,SMI,9,XRGB,128,0.094860771,0.001027,12.435572391936,11.053842
RPI3B+,32,O3,SMI,9,XRGB,256,0.077377625,0.000344,15.245337690111999,13.551411
RPI3B+,32,O3,SMI,9,XRGB,512,0.069217458,0.001864,17.0426368,15.14901
RPI3B+,32,O3,SMI,9,XRGB,1024,0.070190573,0.006193,16.806359072767997,14.938986
RPI3B+,32,O3,SMI,9,XRGB,2048,0.061850438,0.000364,19.072589758464,16.953413
RPI3B+,32,O3,SMI,9,XRGB,4096,0.061028219,0.000728,19.32954959872,17.181822
RPI3B+,32,O3,SMI,9,XRGB,8192,0.060591375,0.00052,19.468909543423997,17.305697
RPI3B+,32,O3,SMI,9,XRGB,16384,0.060160365,0.000467,19.60839217152,17.429681
RPI3B+,32,O3,SMI,9,XRGB,32768,0.059820594,0.000297,19.719764574207996,17.528679
RPI3B+,32,O3,SMI,9,XRGB,65536,0.060535667,0.000539,19.48682551296,17.321623
RPI3B+,32,O3,SMI,9,XRGB,131072,0.060045521,0.000485,19.645895540736,17.463018
RPI3B+,32,O3,SMI,9,XRGB,262144,0.062289937,0.001173,18.938018660351997,16.833794
RPI3B+,32,O3,SMI,9,XRGB,524288,0.062940823,0.000478,18.742176120832,16.659712
RPI3B+,32,O3,SMI,9,XRGB,1048576,0.062763448,0.000347,18.795142840319997,16.706794
RPI3B+,32,O3,SMI,9,RGB565,8,0.273361406,0.004874,4.315342176256,3.83586
RPI3B+,32,O3,SMI,9,RGB565,16,0.166919448,0.001866,7.067169456128,6.281928
RPI3B+,32,O3,SMI,9,RGB565,32,0.118871761,0.00242,9.92370229248,8.821069
RPI3B+,32,O3,SMI,9,RGB565,64,0.08807351,0.002273,13.393902698496,11.905691
RPI3B+,32,O3,SMI,9,RGB565,128,0.073869864,0.00114,15.96927246336,14.194909
RPI3B+,32,O3,SMI,9,RGB565,256,0.059844063,0.001575,19.712030277632,17.521805
RPI3B+,32,O3,SMI,9,RGB565,512,0.046699604,0.001406,25.26034264064,22.453638
RPI3B+,32,O3,SMI,9,RGB565,1024,0.038490823,0.000602,30.647512989695997,27.242234
RPI3B+,32,O3,SMI,9,RGB565,2048,0.034624521,0.000143,34.069727412224,30.284203
RPI3B+,32,O3,SMI,9,RGB565,4096,0.033121135,0.000248,35.616170442752,31.658818
RPI3B+,32,O3,SMI,9,RGB565,8192,0.032002281,0.000187,36.861372268544,32.765665
RPI3B+,32,O3,SMI,9,RGB565,16384,0.031764969,0.000277,37.136759783424,33.010453
RPI3B+,32,O3,SMI,9,RGB565,32768,0.031435896,0.000164,37.525508849664,33.356008
RPI3B+,32,O3,SMI,9,RGB565,65536,0.031661198,0.000514,37.258476388351994,33.118646
RPI3B+,32,O3,SMI,9,RGB565,131072,0.031554958,0.000557,37.383918583808,33.23015
RPI3B+,32,O3,SMI,9,RGB565,262144,0.0311465,0.000212,37.874175049727995,33.665934
RPI3B+,32,O3,SMI,9,RGB565,524288,0.031948927,0.000522,36.9229299712,32.820382
RPI3B+,32,O3,SMI,9,RGB565,1048576,0.032062073,0.000296,36.792630771712,32.70456
RPI3B+,32,O3,SMI,16,RGB565,8,0.291092729,0.001463,7.204412325888,3.602206
RPI3B+,32,O3,SMI,16,RGB565,16,0.189774479,0.000155,11.050758963199998,5.525379
RPI3B+,32,O3,SMI,16,RGB565,32,0.139480438,0.000445,15.035455766527999,7.517728
RPI3B+,32,O3,SMI,16,RGB565,64,0.113793896,0.000237,18.429389045759997,9.214695
RPI3B+,32,O3,SMI,16,RGB565,128,0.093968489,0.000772,22.317609517056,11.158804
RPI3B+,32,O3,SMI,16,RGB565,256,0.076760041,0.000535,27.320881512448,13.660441
RPI3B+,32,O3,SMI,16,RGB565,512,0.068346833,0.000448,30.683967782912,15.341984
RPI3B+,32,O3,SMI,16,RGB565,1024,0.063530219,0.000501,33.010307039231996,16.505153
RPI3B+,32,O3,SMI,16,RGB565,2048,0.061298312,0.000239,34.212230987775996,17.106115
RPI3B+,32,O3,SMI,16,RGB565,4096,0.060333969,0.000598,34.759059177472004,17.37953
RPI3B+,32,O3,SMI,16,RGB565,8192,0.059583104,0.000174,35.197092364288004,17.598546
RPI3B+,32,O3,SMI,16,RGB565,16384,0.05945351,0.000213,35.273812475904,17.636906
RPI3B+,32,O3,SMI,16,RGB565,32768,0.06034076,0.001949,34.755146940416,17.377574
RPI3B+,32,O3,SMI,16,RGB565,65536,0.059353125,0.000298,35.33347225599999,17.666736
RPI3B+,32,O3,SMI,16,RGB565,131072,0.059914291,0.000784,35.002533281792,17.501267
RPI3B+,32,O3,SMI,16,RGB565,262144,0.061311562,0.000315,34.204837478399995,17.102419
RPI3B+,32,O3,SMI,16,RGB565,524288,0.06265202,0.00029,33.473014267904,16.736507
RPI3B+,32,O3,SMI,16,RGB565,1048576,0.06278198,0.00045,33.4037254144,16.701863
RPI3B+,32,O3,SMI,18,XRGB,8,0.350775687,0.002258,6.725939757056,2.989306
RPI3B+,32,O3,SMI,18,XRGB,16,0.250310499,0.000385,9.425477697536,4.189101
RPI3B+,32,O3,SMI,18,XRGB,32,0.19992149,0.000398,11.801112608768,5.244939
RPI3B+,32,O3,SMI,18,XRGB,64,0.167209031,0.000565,14.109859905535998,6.271049
RPI3B+,32,O3,SMI,18,XRGB,128,0.143026563,0.000346,16.495509766144,7.331337
RPI3B+,32,O3,SMI,18,XRGB,256,0.135139136,0.007851,17.458273452032,7.759233
RPI3B+,32,O3,SMI,18,XRGB,512,0.125159563,0.000566,18.850305277952,8.377914
RPI3B+,32,O3,SMI,18,XRGB,1024,0.122422229,0.000515,19.27179403264,8.565242
RPI3B+,32,O3,SMI,18,XRGB,2048,0.120595834,0.000402,19.563660967936002,8.69496
RPI3B+,32,O3,SMI,18,XRGB,4096,0.120055989,0.000261,19.651631251456,8.734058
RPI3B+,32,O3,SMI,18,XRGB,8192,0.120592114,0.0018,19.564263899135998,8.695229
RPI3B+,32,O3,SMI,18,XRGB,16384,0.120438479,0.001254,19.589221056512,8.70632
RPI3B+,32,O3,SMI,18,XRGB,32768,0.123109667,0.0062,19.164181823488,8.517414
RPI3B+,32,O3,SMI,18,XRGB,65536,0.122808875,0.005692,19.211119230976,8.538275
RPI3B+,32,O3,SMI,18,XRGB,131072,0.140363094,0.0162,16.80852123648,7.470454
RPI3B+,32,O3,SMI,18,XRGB,262144,0.156833916,0.025385,15.043277094912,6.685901
RPI3B+,32,O3,SMI,18,XRGB,524288,0.156314958,0.018048,15.093219721216,6.708098
RPI3B+,32,O3,SMI,18,XRGB,1048576,0.156198458,0.01199,15.104477233152,6.713101
RPI3B+,32,O3,SMI,18,RGB565,8,0.290782646,0.001274,8.113606361088,3.606047
RPI3B+,32,O3,SMI,18,RGB565,16,0.192610094,0.000653,12.249077907455998,5.444035
RPI3B+,32,O3,SMI,18,RGB565,32,0.141232489,0.000241,16.705051951104,7.424467
RPI3B+,32,O3,SMI,18,RGB565,64,0.115922396,0.000473,20.352374669312,9.0455
RPI3B+,32,O3,SMI,18,RGB565,128,0.095492083,0.000243,24.706718629888,10.980764
RPI3B+,32,O3,SMI,18,RGB565,256,0.078292063,0.000801,30.134548561919996,13.393133
RPI3B+,32,O3,SMI,18,RGB565,512,0.069605365,0.000632,33.89531881471999,15.064586
RPI3B+,32,O3,SMI,18,RGB565,1024,0.065096063,0.000384,36.243298582528,16.108132
RPI3B+,32,O3,SMI,18,RGB565,2048,0.062970614,0.000402,37.466618724352,16.651831
RPI3B+,32,O3,SMI,18,RGB565,4096,0.061980604,0.000445,38.065069359104,16.917809
RPI3B+,32,O3,SMI,18,RGB565,8192,0.061169875,0.000171,38.569573875711995,17.142033
RPI3B+,32,O3,SMI,18,RGB565,16384,0.061263229,0.000534,38.510800142336,17.115911
RPI3B+,32,O3,SMI,18,RGB565,32768,0.061225417,0.000485,38.534584991744,17.126482
RPI3B+,32,O3,SMI,18,RGB565,65536,0.061064125,0.000383,38.63636816691199,17.171719
RPI3B+,32,O3,SMI,18,RGB565,131072,0.061261052,0.000368,38.512169582592,17.11652
RPI3B+,32,O3,SMI,18,RGB565,262144,0.062937531,0.00074,37.48631307878399,16.660584
RPI3B+,32,O3,SMI,18,RGB565,524288,0.064001948,0.000369,36.86287802368,16.383501
RPI3B+,32,O3,SMI,18,RGB565,1048576,0.064128146,0.000545,36.790335438848,16.35126
RPI3B+,32,O3,DMA,8,,8,8.911002757,8.58997,0.117672247296,0.117672
RPI3B+,32,O3,DMA,8,,16,4.462573394,4.294968,0.23497120153599999,0.234971
RPI3B+,32,O3,DMA,8,,32,2.217780812,4.295031,0.47280396697599997,0.472804
RPI3B+,32,O3,DMA,8,,64,1.111965906,0.003191,0.9429927854079999,0.942993
RPI3B+,32,O3,DMA,8,,128,0.556863031,0.001844,1.883005517824,1.883005
RPI3B+,32,O3,DMA,8,,256,0.27710725,0.000243,3.784007745536,3.784008
RPI3B+,32,O3,DMA,8,,512,0.140051562,0.001622,7.487070666752,7.487071
RPI3B+,32,O3,DMA,8,,1024,0.138868354,0.001619,7.55086393344,7.550864
RPI3B+,32,O3,DMA,8,,2048,0.105594594,0.001121,9.930205560831999,9.930205
RPI3B+,32,O3,DMA,8,,4096,0.09243676,0.000513,11.343712223231998,11.343712
RPI3B+,32,O3,DMA,8,,8192,0.100788146,0.00179,10.403763453952,10.403763
RPI3B+,32,O3,DMA,8,,16384,0.088693583,0.000621,11.822456373247999,11.822456
RPI3B+,32,O3,DMA,8,,32768,0.087992521,0.00036,11.916648906751998,11.916649
RPI3B+,32,O3,DMA,8,,65536,0.085449437,8.8e-05,12.271303524351998,12.271304
RPI3B+,32,O3,DMA,8,,131072,0.083937531,4.1e-05,12.492338102271999,12.492338
RPI3B+,32,O3,DMA,8,,262144,0.083292864,0.000209,12.589025198079998,12.589026
RPI3B+,32,O3,DMA,8,,524288,0.083165521,3.9e-05,12.608302219264,12.608302
RPI3B+,32,O3,DMA,8,,1048576,0.083037094,4.2e-05,12.627802587136,12.627802
RPI3B+,32,O3,DMA,9,,8,8.919290945,8.589959,0.13225793945599998,0.117563
RPI3B+,32,O3,DMA,9,,16,4.455975436,4.295026,0.26473398272000004,0.235319
RPI3B+,32,O3,DMA,9,,32,2.238450572,4.294976,0.52699332608,0.468438
RPI3B+,32,O3,DMA,9,,64,1.114050416,0.001903,1.058882453504,0.941228
RPI3B+,32,O3,DMA,9,,128,0.558050646,0.002475,2.113872592896,1.878998
RPI3B+,32,O3,DMA,9,,256,0.280068896,0.00183,4.211992428544,3.743993
RPI3B+,32,O3,DMA,9,,512,0.139416208,0.001459,8.461340377087998,7.521191
RPI3B+,32,O3,DMA,9,,1024,0.1380895,0.000752,8.542633328640001,7.593452
RPI3B+,32,O3,DMA,9,,2048,0.104119219,9.2e-05,11.329781891071999,10.070917
RPI3B+,32,O3,DMA,9,,4096,0.093665448,0.00135,12.594270175232,11.194907
RPI3B+,32,O3,DMA,9,,8192,0.101505625,0.000682,11.62150412288,10.330226
RPI3B+,32,O3,DMA,9,,16384,0.088484573,0.000606,13.331680198655999,11.850382
RPI3B+,32,O3,DMA,9,,32768,0.085806791,0.002274,13.747722649599998,12.220198
RPI3B+,32,O3,DMA,9,,65536,0.085524448,8.3e-05,13.793108164607998,12.260541
RPI3B+,32,O3,DMA,9,,131072,0.084046927,8.4e-05,14.035587170304,12.476078
RPI3B+,32,O3,DMA,9,,262144,0.083130927,0.000119,14.19024269312,12.613549
RPI3B+,32,O3,DMA,9,,524288,0.08308051,7.3e-05,14.198853599231999,12.621203
RPI3B+,32,O3,DMA,9,,1048576,0.083021958,6.9e-05,14.208867500032,12.630104
RPI3B+,32,O3,DMA,16,,8,8.922437902,8.589997,0.23504250470399998,0.117521
RPI3B+,32,O3,DMA,16,,16,4.448420675,4.295073,0.471437672448,0.235719
RPI3B+,32,O3,DMA,16,,32,2.23612226,4.294972,0.93785161728,0.468926
RPI3B+,32,O3,DMA,16,,64,1.108880666,0.013725,1.891233693696,0.945617
RPI3B+,32,O3,DMA,16,,128,0.558292719,0.001721,3.7563662335999997,1.878183
RPI3B+,32,O3,DMA,16,,256,0.279951906,0.002015,7.491115024384,3.745558
RPI3B+,32,O3,DMA,16,,512,0.140114021,0.001063,14.967467147264,7.483734
RPI3B+,32,O3,DMA,16,,1024,0.139366239,0.001278,15.047776534528,7.523888
RPI3B+,32,O3,DMA,16,,2048,0.104477448,0.000956,20.072771878912,10.036386
RPI3B+,32,O3,DMA,16,,4096,0.093282531,0.001038,22.481723195392,11.240861
RPI3B+,32,O3,DMA,16,,8192,0.100729896,0.000203,20.819559317503998,10.409779
RPI3B+,32,O3,DMA,16,,16384,0.088050261,0.000103,23.8176698368,11.908835
RPI3B+,32,O3,DMA,16,,32768,0.08779926,0.00038,23.88575911936,11.94288
RPI3B+,32,O3,DMA,16,,65536,0.085637438,6.6e-05,24.488729116672,12.244364
RPI3B+,32,O3,DMA,16,,131072,0.083978646,6e-05,24.972443516927996,12.486222
RPI3B+,32,O3,DMA,16,,262144,0.083218865,0.000189,25.200439590911998,12.60022
RPI3B+,32,O3,DMA,16,,524288,0.083122948,8.7e-05,25.229518700544,12.61476
RPI3B+,32,O3,DMA,16,,1048576,0.08303824,5.3e-05,25.255255998463998,12.627628
RPI3B+,32,O3,DMA,18,,8,8.911974194,8.589979,0.264732934144,0.117659
RPI3B+,32,O3,DMA,18,,16,4.458058811,4.295059,0.529220501504,0.235209
RPI3B+,32,O3,DMA,18,,32,2.232281541,4.294969,1.056898547712,0.469733
RPI3B+,32,O3,DMA,18,,64,1.116876999,0.000893,2.112404586496,0.938846
RPI3B+,32,O3,DMA,18,,128,0.557768594,0.002077,4.229883232255999,1.879948
RPI3B+,32,O3,DMA,18,,256,0.278443688,0.000751,8.473153634304,3.765846
RPI3B+,32,O3,DMA,18,,512,0.140927187,0.001752,16.741241454592,7.440552
RPI3B+,32,O3,DMA,18,,1024,0.140495406,0.001531,16.792690884608,7.463418
RPI3B+,32,O3,DMA,18,,2048,0.104493375,0.001027,22.578427068415998,10.034856
RPI3B+,32,O3,DMA,18,,4096,0.092992698,0.000597,25.370766082047997,11.275896
RPI3B+,32,O3,DMA,18,,8192,0.100907938,0.00021,23.380677885952,10.391412
RPI3B+,32,O3,DMA,18,,16384,0.088840489,0.000659,26.556539863039998,11.802907
RPI3B+,32,O3,DMA,18,,32768,0.087832271,0.000476,26.861379780607997,11.938391
RPI3B+,32,O3,DMA,18,,65536,0.085550261,0.000148,27.577893781504,12.256842
RPI3B+,32,O3,DMA,18,,131072,0.083940781,3.9e-05,28.106671783936,12.491854
RPI3B+,32,O3,DMA,18,,262144,0.083198989,7.3e-05,28.357267816447997,12.60323
RPI3B+,32,O3,DMA,18,,524288,0.083154448,7e-05,28.372457488384,12.609981
RPI3B+,32,O3,DMA,18,,1048576,0.0830035,7.3e-05,28.424054767616,12.632932
