Device,OS,Optimisation,Method,Width,Pack,Block,avg_time_s,stdev_s,MBps,MTps
RPI3B+,32,O3,SMI,8,N/A,8,0.345793312,0.001145,2.891901,3.032378
RPI3B+,32,O3,SMI,8,N/A,16,0.246316302,0.000310,4.059821,4.257030
RPI3B+,32,O3,SMI,8,N/A,32,0.203570552,0.011541,4.912302,5.150922
RPI3B+,32,O3,SMI,8,N/A,64,0.164579771,0.000949,6.076081,6.371233
RPI3B+,32,O3,SMI,8,N/A,128,0.140824625,0.000317,7.101031,7.445970
RPI3B+,32,O3,SMI,8,N/A,256,0.129065406,0.000370,7.748010,8.124377
RPI3B+,32,O3,SMI,8,N/A,512,0.122913646,0.000307,8.135793,8.530997
RPI3B+,32,O3,SMI,8,N/A,1024,0.120001625,0.000447,8.333220,8.738015
RPI3B+,32,O3,SMI,8,N/A,2048,0.119186375,0.000572,8.390221,8.797784
RPI3B+,32,O3,SMI,8,N/A,4096,0.118307583,0.000728,8.452544,8.863134
RPI3B+,32,O3,SMI,8,N/A,8192,0.117503271,0.000305,8.510401,8.923803
RPI3B+,32,O3,SMI,8,N/A,16384,0.117725677,0.000732,8.494324,8.906944
RPI3B+,32,O3,SMI,8,N/A,32768,0.117475719,0.000364,8.512397,8.925896
RPI3B+,32,O3,SMI,8,N/A,65536,0.117653781,0.000383,8.499514,8.912387
RPI3B+,32,O3,SMI,8,N/A,131072,0.120936063,0.001152,8.268832,8.670499
RPI3B+,32,O3,SMI,8,N/A,262144,0.124488073,0.000657,8.032898,8.423104
RPI3B+,32,O3,SMI,8,N/A,524288,0.124086260,0.000791,8.058910,8.450380
RPI3B+,32,O3,SMI,8,N/A,1048576,0.124372146,0.001375,8.040386,8.430955
RPI3B+,32,O3,SMI,9,N/A,8,0.343245865,0.001202,3.277534,3.054883
RPI3B+,32,O3,SMI,9,N/A,16,0.247286771,0.000573,4.549374,4.240324
RPI3B+,32,O3,SMI,9,N/A,32,0.198253563,0.001291,5.674551,5.289065
RPI3B+,32,O3,SMI,9,N/A,64,0.164652239,0.000380,6.832582,6.368428
RPI3B+,32,O3,SMI,9,N/A,128,0.141178823,0.000237,7.968617,7.427290
RPI3B+,32,O3,SMI,9,N/A,256,0.130075813,0.000771,8.648802,8.061268
RPI3B+,32,O3,SMI,9,N/A,512,0.123740094,0.000478,9.091637,8.474020
RPI3B+,32,O3,SMI,9,N/A,1024,0.120977229,0.000534,9.299271,8.667548
RPI3B+,32,O3,SMI,9,N/A,2048,0.119095156,0.000162,9.446228,8.804523
RPI3B+,32,O3,SMI,9,N/A,4096,0.118693781,0.000487,9.478171,8.834296
RPI3B+,32,O3,SMI,9,N/A,8192,0.118380469,0.000454,9.503257,8.857677
RPI3B+,32,O3,SMI,9,N/A,16384,0.118078802,0.000321,9.527536,8.880307
RPI3B+,32,O3,SMI,9,N/A,32768,0.118923687,0.000617,9.459848,8.817217
RPI3B+,32,O3,SMI,9,N/A,65536,0.118621542,0.000832,9.483944,8.839676
RPI3B+,32,O3,SMI,9,N/A,131072,0.123069583,0.001703,9.141170,8.520188
RPI3B+,32,O3,SMI,9,N/A,262144,0.124714344,0.000340,9.020614,8.407822
RPI3B+,32,O3,SMI,9,N/A,524288,0.124245104,0.000194,9.054683,8.439576
RPI3B+,32,O3,SMI,9,N/A,1048576,0.124604364,0.000292,9.028576,8.415243
RPI3B+,32,O3,SMI,16,N/A,8,0.344139885,0.000758,5.811590,3.046947
RPI3B+,32,O3,SMI,16,N/A,16,0.246400729,0.000330,8.116859,4.255572
RPI3B+,32,O3,SMI,16,N/A,32,0.196592583,0.000252,10.173324,5.333752
RPI3B+,32,O3,SMI,16,N/A,64,0.164572229,0.000548,12.152719,6.371525
RPI3B+,32,O3,SMI,16,N/A,128,0.141102594,0.000331,14.174084,7.431302
RPI3B+,32,O3,SMI,16,N/A,256,0.128928031,0.000075,15.512530,8.133034
RPI3B+,32,O3,SMI,16,N/A,512,0.123302541,0.000617,16.220266,8.504091
RPI3B+,32,O3,SMI,16,N/A,1024,0.120365052,0.000279,16.616119,8.711632
RPI3B+,32,O3,SMI,16,N/A,2048,0.120189771,0.001789,16.640351,8.724336
RPI3B+,32,O3,SMI,16,N/A,4096,0.118666448,0.000904,16.853964,8.836331
RPI3B+,32,O3,SMI,16,N/A,8192,0.117820146,0.000486,16.975026,8.899802
RPI3B+,32,O3,SMI,16,N/A,16384,0.118195271,0.000561,16.921151,8.871556
RPI3B+,32,O3,SMI,16,N/A,32768,0.117585844,0.000171,17.008850,8.917536
RPI3B+,32,O3,SMI,16,N/A,65536,0.117710396,0.000293,16.990853,8.908100
RPI3B+,32,O3,SMI,16,N/A,131072,0.122206500,0.001001,16.365742,8.580362
RPI3B+,32,O3,SMI,16,N/A,262144,0.124311198,0.000366,16.088655,8.435089
RPI3B+,32,O3,SMI,16,N/A,524288,0.124561187,0.000567,16.056366,8.418160
RPI3B+,32,O3,SMI,16,N/A,1048576,0.123605584,0.000217,16.180499,8.483241
RPI3B+,32,O3,SMI,18,N/A,8,0.344482365,0.001086,6.531539,3.043918
RPI3B+,32,O3,SMI,18,N/A,16,0.245566531,0.000422,9.162486,4.270028
RPI3B+,32,O3,SMI,18,N/A,32,0.197155219,0.001015,11.412328,5.318530
RPI3B+,32,O3,SMI,18,N/A,64,0.165059771,0.000885,13.631426,6.352705
RPI3B+,32,O3,SMI,18,N/A,128,0.143415323,0.003246,15.688700,7.311464
RPI3B+,32,O3,SMI,18,N/A,256,0.128893771,0.000270,17.456235,8.135195
RPI3B+,32,O3,SMI,18,N/A,512,0.123235302,0.000383,18.257755,8.508731
RPI3B+,32,O3,SMI,18,N/A,1024,0.120293031,0.000363,18.704325,8.716847
RPI3B+,32,O3,SMI,18,N/A,2048,0.118520927,0.000094,18.983989,8.847180
RPI3B+,32,O3,SMI,18,N/A,4096,0.118876302,0.001224,18.927237,8.820732
RPI3B+,32,O3,SMI,18,N/A,8192,0.117776385,0.000377,19.103999,8.903109
RPI3B+,32,O3,SMI,18,N/A,16384,0.118038136,0.000675,19.061636,8.883366
RPI3B+,32,O3,SMI,18,N/A,32768,0.117994708,0.000316,19.068652,8.886636
RPI3B+,32,O3,SMI,18,N/A,65536,0.118599417,0.000520,18.971425,8.841325
RPI3B+,32,O3,SMI,18,N/A,131072,0.122156135,0.000532,18.419050,8.583900
RPI3B+,32,O3,SMI,18,N/A,262144,0.124950125,0.000323,18.007185,8.391956
RPI3B+,32,O3,SMI,18,N/A,524288,0.125319792,0.000616,17.954067,8.367202
RPI3B+,32,O3,SMI,18,N/A,1048576,0.124733188,0.000512,18.038503,8.406552
RPI3B+,64,O2,SMI,8,RGB565,8,0.241238063,0.005538,4.346644267008,4.346644
RPI3B+,64,O2,SMI,8,RGB565,16,0.141144959,0.001040,7.429071831039999,7.429072
RPI3B+,64,O2,SMI,8,RGB565,32,0.092893865,0.000302,11.287893377024,11.287893
RPI3B+,64,O2,SMI,8,RGB565,64,0.067985260,0.000547,15.423578832895998,15.423578
RPI3B+,64,O2,SMI,8,RGB565,128,0.055919687,0.000527,18.75146440704,18.751464
RPI3B+,64,O2,SMI,8,RGB565,256,0.046401635,0.000159,22.597824675840002,22.597824
RPI3B+,64,O2,SMI,8,RGB565,512,0.039873656,0.000962,26.29746294784,26.297463
RPI3B+,64,O2,SMI,8,RGB565,1024,0.036490729,0.000405,28.735408439296,28.735408
RPI3B+,64,O2,SMI,8,RGB565,2048,0.034494927,0.000378,30.39797706752,30.397977
RPI3B+,64,O2,SMI,8,RGB565,4096,0.033878917,0.000113,30.950694060031996,30.950695
RPI3B+,64,O2,SMI,8,RGB565,8192,0.041848448,0.000573,25.056508903423996,25.056509
RPI3B+,64,O2,SMI,8,RGB565,16384,0.045226552,0.000175,23.18496432128,23.184964
RPI3B+,64,O2,SMI,8,RGB565,32768,0.047207667,0.000299,22.211985408,22.211985
RPI3B+,64,O2,SMI,8,RGB565,65536,0.048044990,0.000149,21.8248773632,21.824877
RPI3B+,64,O2,SMI,8,RGB565,131072,0.048078354,0.000635,21.809731731456,21.809732
RPI3B+,64,O2,SMI,8,RGB565,262144,0.048503000,0.000438,21.618786041855998,21.618786
RPI3B+,64,O2,SMI,8,RGB565,524288,0.049017792,0.000303,21.391743123456,21.391743
RPI3B+,64,O2,SMI,8,RGB565,1048576,0.049723563,0.000350,21.08811116544,21.088111
RPI3B+,64,O1,SMI,8,RGB565,8,0.246903270,0.008801,4.246910009344,4.246910
RPI3B+,64,O1,SMI,8,RGB565,16,0.146472927,0.000506,7.1588380672000005,7.158838
RPI3B+,64,O1,SMI,8,RGB565,32,0.095742708,0.001088,10.95201980416,10.952019
RPI3B+,64,O1,SMI,8,RGB565,64,0.069772750,0.000412,15.028446035967999,15.028446
RPI3B+,64,O1,SMI,8,RGB565,128,0.056424771,0.000141,18.583611506687998,18.583611
RPI3B+,64,O1,SMI,8,RGB565,256,0.047153843,0.000550,22.237338927104,22.237339
RPI3B+,64,O1,SMI,8,RGB565,512,0.040317729,0.002643,26.007813750784,26.007814
RPI3B+,64,O1,SMI,8,RGB565,1024,0.039862042,0.000492,26.305124892671998,26.305125
RPI3B+,64,O1,SMI,8,RGB565,2048,0.033320750,0.000274,31.469159317503998,31.469159
RPI3B+,64,O1,SMI,8,RGB565,4096,0.032860948,0.000343,31.909487837184,31.909487
RPI3B+,64,O1,SMI,8,RGB565,8192,0.039652125,0.000190,26.444383125503997,26.444383
RPI3B+,64,O1,SMI,8,RGB565,16384,0.043590104,0.000391,24.055368384511997,24.055368
RPI3B+,64,O1,SMI,8,RGB565,32768,0.045300343,0.000386,23.147197759488,23.147198
RPI3B+,64,O1,SMI,8,RGB565,65536,0.047299219,0.000988,22.168991694848,22.168992
RPI3B+,64,O1,SMI,8,RGB565,131072,0.048671510,0.000400,21.5439376384,21.543938
RPI3B+,64,O1,SMI,8,RGB565,262144,0.049269510,0.000537,21.282452144127998,21.282452
RPI3B+,64,O1,SMI,8,RGB565,524288,0.050508917,0.000283,20.760215158783996,20.760216
RPI3B+,64,O1,SMI,8,RGB565,1048576,0.050588781,0.000277,20.727440867328,20.727441
RPI3B+,64,O0,SMI,8,RGB565,8,0.273466854,0.003928,3.834380288,3.834381
RPI3B+,64,O0,SMI,8,RGB565,16,0.165638708,0.000934,6.330500775936,6.330501
RPI3B+,64,O0,SMI,8,RGB565,32,0.113909437,0.002700,9.205348040704001,9.205348
RPI3B+,64,O0,SMI,8,RGB565,64,0.088827614,0.000171,11.804616949759998,11.804617
RPI3B+,64,O0,SMI,8,RGB565,128,0.075312740,0.000297,13.922956476416,13.922956
RPI3B+,64,O0,SMI,8,RGB565,256,0.064544687,0.000265,16.245736865792,16.245737
RPI3B+,64,O0,SMI,8,RGB565,512,0.056109885,0.000091,18.687900778496,18.687901
RPI3B+,64,O0,SMI,8,RGB565,1024,0.051033041,0.000309,20.547001909247996,20.547002
RPI3B+,64,O0,SMI,8,RGB565,2048,0.048631896,0.000141,21.561487654911996,21.561487
RPI3B+,64,O0,SMI,8,RGB565,4096,0.048446896,0.000483,21.643821842431997,21.643822
RPI3B+,64,O0,SMI,8,RGB565,8192,0.056927885,0.000391,18.419374096384,18.419374
RPI3B+,64,O0,SMI,8,RGB565,16384,0.061025396,0.000154,17.18261645312,17.182617
RPI3B+,64,O0,SMI,8,RGB565,32768,0.063099583,0.000241,16.61779574784,16.617796
RPI3B+,64,O0,SMI,8,RGB565,65536,0.067474563,0.002918,15.540315750399998,15.540316
RPI3B+,64,O0,SMI,8,RGB565,131072,0.064866812,0.001685,16.165061525504,16.165061
RPI3B+,64,O0,SMI,8,RGB565,262144,0.065857333,0.001377,15.921932402688,15.921932
RPI3B+,64,O0,SMI,8,RGB565,524288,0.068792010,0.000420,15.242700521471999,15.242700
RPI3B+,64,O0,SMI,8,RGB565,1048576,0.068733823,0.000164,15.255604297727999,15.255604
RPI3B+,64,O3,SMI,8,RGB565,8,0.245803625,0.002496,4.068288,4.265909
RPI3B+,64,O3,SMI,8,RGB565,16,0.142734375,0.000118,7.006021,7.346345
RPI3B+,64,O3,SMI,8,RGB565,32,0.093012864,0.000660,10.751201,11.273451
RPI3B+,64,O3,SMI,8,RGB565,64,0.066840458,0.000089,14.960999,15.687744
RPI3B+,64,O3,SMI,8,RGB565,128,0.054717844,0.000996,18.275574,19.163328
RPI3B+,64,O3,SMI,8,RGB565,256,0.046512469,0.000077,21.499611,22.543976
RPI3B+,64,O3,SMI,8,RGB565,512,0.038356521,0.000108,26.071186,27.337620
RPI3B+,64,O3,SMI,8,RGB565,1024,0.034239031,0.000088,29.206434,30.625166
RPI3B+,64,O3,SMI,8,RGB565,2048,0.032150750,0.000098,31.103474,32.614356
RPI3B+,64,O3,SMI,8,RGB565,4096,0.031330406,0.000377,31.917876,33.468318
RPI3B+,64,O3,SMI,8,RGB565,8192,0.030637865,0.000117,32.639350,34.224839
RPI3B+,64,O3,SMI,8,RGB565,16384,0.030436385,0.000120,32.855413,34.451397
RPI3B+,64,O3,SMI,8,RGB565,32768,0.030294063,0.000082,33.009769,34.613251
RPI3B+,64,O3,SMI,8,RGB565,65536,0.030236666,0.000121,33.072429,34.678955
RPI3B+,64,O3,SMI,8,RGB565,131072,0.030441906,0.000512,32.849454,34.445149
RPI3B+,64,O3,SMI,8,RGB565,262144,0.030022823,0.000332,33.307994,34.925963
RPI3B+,64,O3,SMI,8,RGB565,524288,0.030975052,0.000275,32.284046,33.852276
RPI3B+,64,O3,SMI,8,RGB565,1048576,0.031413573,0.000271,31.833373,33.379711
RPI3B+,64,O3,SMI,8,XRGB,8,0.263902760,0.002926,3.789274,3.973342
RPI3B+,64,O3,SMI,8,XRGB,16,0.160710719,0.002621,6.222360,6.524618
RPI3B+,64,O3,SMI,8,XRGB,32,0.109839521,0.008104,9.104191,9.546436
RPI3B+,64,O3,SMI,8,XRGB,64,0.078237781,0.000169,12.781549,13.402425
RPI3B+,64,O3,SMI,8,XRGB,128,0.065025552,0.000973,15.378570,16.125599
RPI3B+,64,O3,SMI,8,XRGB,256,0.054713406,0.000368,18.277056,19.164883
RPI3B+,64,O3,SMI,8,XRGB,512,0.047436562,0.000102,21.080786,22.104806
RPI3B+,64,O3,SMI,8,XRGB,1024,0.043796823,0.000128,22.832706,23.941828
RPI3B+,64,O3,SMI,8,XRGB,2048,0.042266583,0.000331,23.659353,24.808629
RPI3B+,64,O3,SMI,8,XRGB,4096,0.041191510,0.000311,24.276847,25.456119
RPI3B+,64,O3,SMI,8,XRGB,8192,0.040729073,0.000338,24.552486,25.745148
RPI3B+,64,O3,SMI,8,XRGB,16384,0.040466562,0.000192,24.711761,25.912159
RPI3B+,64,O3,SMI,8,XRGB,32768,0.039805719,0.000812,25.122019,26.342346
RPI3B+,64,O3,SMI,8,XRGB,65536,0.039832156,0.000820,25.105344,26.324862
RPI3B+,64,O3,SMI,8,XRGB,131072,0.040024386,0.000600,24.984768,26.198428
RPI3B+,64,O3,SMI,8,XRGB,262144,0.040859271,0.000606,24.474250,25.663111
RPI3B+,64,O3,SMI,8,XRGB,524288,0.041830969,0.000436,23.905734,25.066979
RPI3B+,64,O3,SMI,8,XRGB,1048576,0.041551511,0.000233,24.066514,25.235569
RPI3B+,64,O3,SMI,9,XRGB,8,0.290029698,0.018214,3.878913,3.615409
RPI3B+,64,O3,SMI,9,XRGB,16,0.174142740,0.000982,6.460218,6.021359
RPI3B+,64,O3,SMI,9,XRGB,32,0.123208219,0.000991,9.130884,8.510601
RPI3B+,64,O3,SMI,9,XRGB,64,0.096702511,0.000559,11.633617,10.843317
RPI3B+,64,O3,SMI,9,XRGB,128,0.098486406,0.028388,11.422896,10.646911
RPI3B+,64,O3,SMI,9,XRGB,256,0.072294448,0.000603,15.561361,14.504240
RPI3B+,64,O3,SMI,9,XRGB,512,0.066389875,0.000514,16.945355,15.794216
RPI3B+,64,O3,SMI,9,XRGB,1024,0.063391771,0.000281,17.746783,16.541201
RPI3B+,64,O3,SMI,9,XRGB,2048,0.062262312,0.000312,18.068715,16.841263
RPI3B+,64,O3,SMI,9,XRGB,4096,0.060754812,0.000760,18.517052,17.259143
RPI3B+,64,O3,SMI,9,XRGB,8192,0.059574542,0.000241,18.883905,17.601075
RPI3B+,64,O3,SMI,9,XRGB,16384,0.059884698,0.000891,18.786101,17.509915
RPI3B+,64,O3,SMI,9,XRGB,32768,0.059275021,0.000773,18.979327,17.690015
RPI3B+,64,O3,SMI,9,XRGB,65536,0.059154104,0.000520,19.018122,17.726175
RPI3B+,64,O3,SMI,9,XRGB,131072,0.059389073,0.000564,18.942879,17.656043
RPI3B+,64,O3,SMI,9,XRGB,262144,0.061178552,0.000569,18.388797,17.139602
RPI3B+,64,O3,SMI,9,XRGB,524288,0.062605427,0.000837,17.969688,16.748963
RPI3B+,64,O3,SMI,9,XRGB,1048576,0.063577239,0.000953,17.695012,16.492946
RPI3B+,64,O3,SMI,9,RGB565,8,0.244944812,0.002121,4.592871,4.280866
RPI3B+,64,O3,SMI,9,RGB565,16,0.148319698,0.002509,7.584967,7.069702
RPI3B+,64,O3,SMI,9,RGB565,32,0.100572552,0.000341,11.185955,10.426065
RPI3B+,64,O3,SMI,9,RGB565,64,0.070743646,0.000198,15.902488,14.822193
RPI3B+,64,O3,SMI,9,RGB565,128,0.057536813,0.000323,19.552699,18.224437
RPI3B+,64,O3,SMI,9,RGB565,256,0.046964250,0.000822,23.954391,22.327111
RPI3B+,64,O3,SMI,9,RGB565,512,0.038756500,0.000254,29.027389,27.055487
RPI3B+,64,O3,SMI,9,RGB565,1024,0.035235011,0.001974,31.928471,29.759492
RPI3B+,64,O3,SMI,9,RGB565,2048,0.033114062,0.001074,33.973482,31.665580
RPI3B+,64,O3,SMI,9,RGB565,4096,0.031168323,0.000158,36.094338,33.642362
RPI3B+,64,O3,SMI,9,RGB565,8192,0.030659104,0.000557,36.693832,34.201130
RPI3B+,64,O3,SMI,9,RGB565,16384,0.030537594,0.000460,36.839838,34.337217
RPI3B+,64,O3,SMI,9,RGB565,32768,0.030181438,0.000170,37.274566,34.742414
RPI3B+,64,O3,SMI,9,RGB565,65536,0.030324323,0.000528,37.098932,34.578711
RPI3B+,64,O3,SMI,9,RGB565,131072,0.030192688,0.000481,37.260678,34.729469
RPI3B+,64,O3,SMI,9,RGB565,262144,0.030858458,0.000777,36.456779,33.980181
RPI3B+,64,O3,SMI,9,RGB565,524288,0.031053240,0.000396,36.228104,33.767041
RPI3B+,64,O3,SMI,9,RGB565,1048576,0.031500833,0.000483,35.713341,33.287246
RPI3B+,64,O3,SMI,16,RGB565,8,0.288444229,0.014543,6.933749,3.635282
RPI3B+,64,O3,SMI,16,RGB565,16,0.174045063,0.001728,11.491277,6.024739
RPI3B+,64,O3,SMI,16,RGB565,32,0.122926010,0.000970,16.269950,8.530139
RPI3B+,64,O3,SMI,16,RGB565,64,0.095850573,0.000516,20.865812,10.939695
RPI3B+,64,O3,SMI,16,RGB565,128,0.080576365,0.001361,24.821174,13.013444
RPI3B+,64,O3,SMI,16,RGB565,256,0.071968386,0.000538,27.789980,14.569953
RPI3B+,64,O3,SMI,16,RGB565,512,0.066060635,0.000710,30.275216,15.872932
RPI3B+,64,O3,SMI,16,RGB565,1024,0.063349260,0.000423,31.571008,16.552301
RPI3B+,64,O3,SMI,16,RGB565,2048,0.062636802,0.001100,31.930110,16.740574
RPI3B+,64,O3,SMI,16,RGB565,4096,0.061303708,0.000510,32.624454,17.104610
RPI3B+,64,O3,SMI,16,RGB565,8192,0.062891865,0.007255,31.800615,16.672681
RPI3B+,64,O3,SMI,16,RGB565,16384,0.063977198,0.005623,31.261138,16.389839
RPI3B+,64,O3,SMI,16,RGB565,32768,0.059317823,0.000314,33.716679,17.677250
RPI3B+,64,O3,SMI,16,RGB565,65536,0.058831104,0.000357,33.995623,17.823497
RPI3B+,64,O3,SMI,16,RGB565,131072,0.060111458,0.001179,33.271527,17.443862
RPI3B+,64,O3,SMI,16,RGB565,262144,0.061318062,0.000900,32.616817,17.100606
RPI3B+,64,O3,SMI,16,RGB565,524288,0.062484802,0.001217,32.007783,16.781297
RPI3B+,64,O3,SMI,16,RGB565,1048576,0.062209583,0.001433,32.149387,16.855538
RPI3B+,64,O3,SMI,16,XRGB,8,0.305433437,0.001290,6.548072,3.433075
RPI3B+,64,O3,SMI,16,XRGB,16,0.195727302,0.003667,10.218299,5.357331
RPI3B+,64,O3,SMI,16,XRGB,32,0.149862625,0.000664,13.345556,6.996915
RPI3B+,64,O3,SMI,16,XRGB,64,0.123182219,0.002410,16.236110,8.512397
RPI3B+,64,O3,SMI,16,XRGB,128,0.099347864,0.000253,20.131283,10.554590
RPI3B+,64,O3,SMI,16,XRGB,256,0.089598854,0.000907,22.321714,11.703007
RPI3B+,64,O3,SMI,16,XRGB,512,0.083541250,0.000701,23.940269,12.551596
RPI3B+,64,O3,SMI,16,XRGB,1024,0.080526667,0.000366,24.836493,13.021475
RPI3B+,64,O3,SMI,16,XRGB,2048,0.078381854,0.000344,25.516110,13.377790
RPI3B+,64,O3,SMI,16,XRGB,4096,0.077592313,0.000198,25.775749,13.513916
RPI3B+,64,O3,SMI,16,XRGB,8192,0.081291239,0.000528,24.602897,12.899004
RPI3B+,64,O3,SMI,16,XRGB,16384,0.080744198,0.000265,24.769582,12.986394
RPI3B+,64,O3,SMI,16,XRGB,32768,0.081761677,0.000798,24.461338,12.824786
RPI3B+,64,O3,SMI,16,XRGB,65536,0.081808594,0.000703,24.447309,12.817431
RPI3B+,64,O3,SMI,16,XRGB,131072,0.082213531,0.001107,24.326896,12.754300
RPI3B+,64,O3,SMI,16,XRGB,262144,0.084065583,0.000830,23.790949,12.473309
RPI3B+,64,O3,SMI,16,XRGB,524288,0.083251281,0.000617,24.023654,12.595314
RPI3B+,64,O3,SMI,16,XRGB,1048576,0.082922708,0.000490,24.118846,12.645221
RPI3B+,64,O3,SMI,18,XRGB,8,0.335579490,0.002192,6.704820,3.124672
RPI3B+,64,O3,SMI,18,XRGB,16,0.233466437,0.003223,9.637360,4.491335
RPI3B+,64,O3,SMI,18,XRGB,32,0.190701406,0.001973,11.798550,5.498523
RPI3B+,64,O3,SMI,18,XRGB,64,0.157459677,0.001417,14.289373,6.659330
RPI3B+,64,O3,SMI,18,XRGB,128,0.137055688,0.000841,16.416685,7.650730
RPI3B+,64,O3,SMI,18,XRGB,256,0.128016323,0.000807,17.575884,8.190955
RPI3B+,64,O3,SMI,18,XRGB,512,0.121587198,0.000376,18.505238,8.624066
RPI3B+,64,O3,SMI,18,XRGB,1024,0.130912865,0.007631,17.187005,8.009725
RPI3B+,64,O3,SMI,18,XRGB,2048,0.124442729,0.000821,18.080606,8.426173
RPI3B+,64,O3,SMI,18,XRGB,4096,0.124867886,0.002978,18.019045,8.397483
RPI3B+,64,O3,SMI,18,XRGB,8192,0.120436208,0.001051,18.682089,8.706485
RPI3B+,64,O3,SMI,18,XRGB,16384,0.119857396,0.001054,18.772308,8.748530
RPI3B+,64,O3,SMI,18,XRGB,32768,0.120341906,0.001355,18.696729,8.713307
RPI3B+,64,O3,SMI,18,XRGB,65536,0.120641219,0.001637,18.650342,8.691689
RPI3B+,64,O3,SMI,18,XRGB,131072,0.127629344,0.000945,17.629175,8.215791
RPI3B+,64,O3,SMI,18,XRGB,262144,0.130294500,0.000844,17.268572,8.047738
RPI3B+,64,O3,SMI,18,XRGB,524288,0.128880073,0.000708,17.458091,8.136060
RPI3B+,64,O3,SMI,18,XRGB,1048576,0.125489531,0.000391,17.929783,8.355884
RPI3B+,64,O3,SMI,18,RGB565,8,0.274732500,0.001680,8.189785,3.816716
RPI3B+,64,O3,SMI,18,RGB565,16,0.176235125,0.003273,12.767035,5.949870
RPI3B+,64,O3,SMI,18,RGB565,32,0.129412010,0.000922,17.386331,8.102617
RPI3B+,64,O3,SMI,18,RGB565,64,0.101738833,0.000445,22.115449,10.306546
RPI3B+,64,O3,SMI,18,RGB565,128,0.085308677,0.001169,26.374808,12.291552
RPI3B+,64,O3,SMI,18,RGB565,256,0.071869115,0.000268,31.306911,14.590078
RPI3B+,64,O3,SMI,18,RGB565,512,0.066640479,0.000486,33.763263,15.734821
RPI3B+,64,O3,SMI,18,RGB565,1024,0.062947313,0.000278,35.744179,16.657995
RPI3B+,64,O3,SMI,18,RGB565,2048,0.061407364,0.000138,36.640556,17.075737
RPI3B+,64,O3,SMI,18,RGB565,4096,0.061146323,0.000901,36.796980,17.148636
RPI3B+,64,O3,SMI,18,RGB565,8192,0.059706593,0.000146,37.684280,17.562147
RPI3B+,64,O3,SMI,18,RGB565,16384,0.060004510,0.000817,37.497181,17.474953
RPI3B+,64,O3,SMI,18,RGB565,32768,0.062072625,0.001134,36.247863,16.892728
RPI3B+,64,O3,SMI,18,RGB565,65536,0.062455583,0.000415,36.025602,16.789148
RPI3B+,64,O3,SMI,18,RGB565,131072,0.064199073,0.001258,35.047235,16.333195
RPI3B+,64,O3,SMI,18,RGB565,262144,0.065230281,0.000681,34.493183,16.074988
RPI3B+,64,O3,SMI,18,RGB565,524288,0.065581135,0.000293,34.308647,15.988988
RPI3B+,64,O3,SMI,18,RGB565,1048576,0.065437708,0.001142,34.383845,16.024033
RPI4,64,O3,SMI,8,RGB565,8,0.320666541,0.000115,3.269988450304,3.269989
RPI4,64,O3,SMI,8,RGB565,16,0.185875251,0.000129,5.641288548352,5.641289
RPI4,64,O3,SMI,8,RGB565,32,0.118376008,0.000052,8.858011435008,8.858011
RPI4,64,O3,SMI,8,RGB565,64,0.084167864,0.000013,12.458151378943999,12.458151
RPI4,64,O3,SMI,8,RGB565,128,0.067276039,0.000063,15.586173124608,15.586173
RPI4,64,O3,SMI,8,RGB565,256,0.054739377,0.000059,19.15579006976,19.155790
RPI4,64,O3,SMI,8,RGB565,512,0.044219656,0.000064,23.712894025727998,23.712894
RPI4,64,O3,SMI,8,RGB565,1024,0.038926099,0.000025,26.93760811008,26.937608
RPI4,64,O3,SMI,8,RGB565,2048,0.036317096,0.000026,28.872792866816,28.872793
RPI4,64,O3,SMI,8,RGB565,4096,0.035007771,0.000025,29.952664666111996,29.952664
RPI4,64,O3,SMI,8,RGB565,8192,0.034369891,0.000018,30.508563038208,30.508563
RPI4,64,O3,SMI,8,RGB565,16384,0.034073194,0.000020,30.774220816384,30.774221
RPI4,64,O3,SMI,8,RGB565,32768,0.033924854,0.000025,30.908784574464,30.908784
RPI4,64,O3,SMI,8,RGB565,65536,0.033830551,0.000035,30.994942918655997,30.994943
RPI4,64,O3,SMI,8,RGB565,131072,0.033787055,0.000037,31.034844381183998,31.034844
RPI4,64,O3,SMI,8,RGB565,262144,0.033815788,0.000020,31.008474791936,31.008474
RPI4,64,O3,SMI,8,RGB565,524288,0.033871662,0.000071,30.95732420608,30.957324
RPI4,64,O3,SMI,8,RGB565,1048576,0.034492641,0.000242,30.399991382015997,30.399992
RPI4,64,O2,SMI,8,RGB565,8,0.320950670,0.000311,3.2670943805439996,3.267094
RPI4,64,O2,SMI,8,RGB565,16,0.185623909,0.000137,5.648927424511999,5.648927
RPI4,64,O2,SMI,8,RGB565,32,0.118478156,0.000044,8.850373607424,8.850374
RPI4,64,O2,SMI,8,RGB565,64,0.084508501,0.000039,12.407935074304,12.407935
RPI4,64,O2,SMI,8,RGB565,128,0.067729122,0.000042,15.481907970047999,15.481907
RPI4,64,O2,SMI,8,RGB565,256,0.055162861,0.000025,19.008731480064,19.008731
RPI4,64,O2,SMI,8,RGB565,512,0.044637294,0.000068,23.491030024192,23.491030
RPI4,64,O2,SMI,8,RGB565,1024,0.039368268,0.000059,26.635055136767996,26.635055
RPI4,64,O2,SMI,8,RGB565,2048,0.036723048,0.000057,28.553621012479997,28.553621
RPI4,64,O2,SMI,8,RGB565,4096,0.035382773,0.000020,29.635212476415997,29.635212
RPI4,64,O2,SMI,8,RGB565,8192,0.034868990,0.000146,30.071878320128,30.071878
RPI4,64,O2,SMI,8,RGB565,16384,0.034414361,0.000037,30.469140774912,30.469141
RPI4,64,O2,SMI,8,RGB565,32768,0.034246781,0.000036,30.618234650623997,30.618235
RPI4,64,O2,SMI,8,RGB565,65536,0.034183063,0.000067,30.675307593727997,30.675308
RPI4,64,O2,SMI,8,RGB565,131072,0.034118097,0.000021,30.733718519808,30.733718
RPI4,64,O2,SMI,8,RGB565,262144,0.034093664,0.000022,30.755743858688,30.755744
RPI4,64,O2,SMI,8,RGB565,524288,0.034117005,0.000047,30.734702084096,30.734703
RPI4,64,O2,SMI,8,RGB565,1048576,0.034318306,0.000074,30.554421460992,30.554422
RPI4,64,O1,SMI,8,RGB565,8,0.322015163,0.000060,3.256294047744,3.256294
RPI4,64,O1,SMI,8,RGB565,16,0.186212368,0.000134,5.6310764666879995,5.631076
RPI4,64,O1,SMI,8,RGB565,32,0.118198641,0.000038,8.871303184383999,8.871303
RPI4,64,O1,SMI,8,RGB565,64,0.084370338,0.000038,12.428254380031998,12.428254
RPI4,64,O1,SMI,8,RGB565,128,0.067738271,0.000034,15.479816060928,15.479816
RPI4,64,O1,SMI,8,RGB565,256,0.055179361,0.000047,19.003047149567998,19.003047
RPI4,64,O1,SMI,8,RGB565,512,0.044634227,0.000025,23.492643782656,23.492644
RPI4,64,O1,SMI,8,RGB565,1024,0.039339731,0.000022,26.65437724672,26.654377
RPI4,64,O1,SMI,8,RGB565,2048,0.036729654,0.000064,28.548486135807998,28.548486
RPI4,64,O1,SMI,8,RGB565,4096,0.035395716,0.000033,29.624376492032,29.624376
RPI4,64,O1,SMI,8,RGB565,8192,0.034760837,0.000046,30.165441708032,30.165441
RPI4,64,O1,SMI,8,RGB565,16384,0.034396348,0.000016,30.485096955903998,30.485096
RPI4,64,O1,SMI,8,RGB565,32768,0.034272391,0.000038,30.595355770879998,30.595356
RPI4,64,O1,SMI,8,RGB565,65536,0.034148188,0.000009,30.70663589888,30.706636
RPI4,64,O1,SMI,8,RGB565,131072,0.034124477,0.000025,30.727972323327997,30.727972
RPI4,64,O1,SMI,8,RGB565,262144,0.034093708,0.000021,30.755705061376002,30.755705
RPI4,64,O1,SMI,8,RGB565,524288,0.034398956,0.000493,30.482784845824,30.482785
RPI4,64,O1,SMI,8,RGB565,1048576,0.034297783,0.000057,30.572704432128,30.572705
RPI4,64,O0,SMI,8,RGB565,8,0.332404908,0.000453,3.154514018304,3.154514
RPI4,64,O0,SMI,8,RGB565,16,0.194123872,0.000207,5.401581977599999,5.401582
RPI4,64,O0,SMI,8,RGB565,32,0.127056577,0.000088,8.25282789376,8.252827
RPI4,64,O0,SMI,8,RGB565,64,0.091737436,0.000092,11.430186188799999,11.430186
RPI4,64,O0,SMI,8,RGB565,128,0.074755835,0.000134,14.026677420032,14.026678
RPI4,64,O0,SMI,8,RGB565,256,0.061953253,0.000086,16.925278076928,16.925278
RPI4,64,O0,SMI,8,RGB565,512,0.051434807,0.000329,20.386505818112,20.386506
RPI4,64,O0,SMI,8,RGB565,1024,0.045877098,0.000082,22.856196947967998,22.856197
RPI4,64,O0,SMI,8,RGB565,2048,0.043242492,0.000061,24.248741527552,24.248741
RPI4,64,O0,SMI,8,RGB565,4096,0.041902991,0.000121,25.023893995519998,25.023894
RPI4,64,O0,SMI,8,RGB565,8192,0.041455932,0.000030,25.293750272,25.293750
RPI4,64,O0,SMI,8,RGB565,16384,0.041117607,0.000062,25.501873733631996,25.501873
RPI4,64,O0,SMI,8,RGB565,32768,0.041035715,0.000052,25.552765321215997,25.552766
RPI4,64,O0,SMI,8,RGB565,65536,0.041050652,0.000188,25.543467597823998,25.543468
RPI4,64,O0,SMI,8,RGB565,131072,0.041003704,0.000141,25.572714479616,25.572714
RPI4,64,O0,SMI,8,RGB565,262144,0.040972930,0.000236,25.591921246208,25.591921
RPI4,64,O0,SMI,8,RGB565,524288,0.041046963,0.000048,25.545762930688,25.545763
RPI4,64,O0,SMI,8,RGB565,1048576,0.041055489,0.000094,25.540458184703997,25.540458
RPI4,64,O3,SMI,8,XRGB,8,0.341635396,0.004470,3.0692836638719996,3.069284
RPI4,64,O3,SMI,8,XRGB,16,0.203375093,0.000446,5.155872309248,5.155872
RPI4,64,O3,SMI,8,XRGB,32,0.131554939,0.000704,7.970631974911999,7.970632
RPI4,64,O3,SMI,8,XRGB,64,0.097276862,0.000259,10.779295219711999,10.779295
RPI4,64,O3,SMI,8,XRGB,128,0.079195897,0.000311,13.240282120192001,13.240282
RPI4,64,O3,SMI,8,XRGB,256,0.063637144,0.000869,16.477420781568,16.477421
RPI4,64,O3,SMI,8,XRGB,512,0.054989860,0.002094,19.068533866496,19.068534
RPI4,64,O3,SMI,8,XRGB,1024,0.050727738,0.000995,20.670663622655997,20.670663
RPI4,64,O3,SMI,8,XRGB,2048,0.048107826,0.001314,21.796370776064,21.796371
RPI4,64,O3,SMI,8,XRGB,4096,0.049233412,0.002956,21.298057052159997,21.298057
RPI4,64,O3,SMI,8,XRGB,8192,0.046612103,0.001289,22.495788793855997,22.495788
RPI4,64,O3,SMI,8,XRGB,16384,0.047214433,0.002281,22.208801931264,22.208802
RPI4,64,O3,SMI,8,XRGB,32768,0.046662496,0.001699,22.471494336512,22.471494
RPI4,64,O3,SMI,8,XRGB,65536,0.045607123,0.000623,22.9914968064,22.991497
RPI4,64,O3,SMI,8,XRGB,131072,0.045202513,0.000224,23.197294526464,23.197294
RPI4,64,O3,SMI,8,XRGB,262144,0.046980840,0.000468,22.319226421248,22.319226
RPI4,64,O3,SMI,8,XRGB,524288,0.045965771,0.000835,22.812105375744,22.812105
RPI4,64,O3,SMI,8,XRGB,1048576,0.047039358,0.000743,22.291461177344,22.291461
RPI4,64,O3,SMI,9,XRGB,8,0.355249333,0.000221,3.32061999104,2.951662
RPI4,64,O3,SMI,9,XRGB,16,0.219344587,0.000183,5.378058223616,4.780496
RPI4,64,O3,SMI,9,XRGB,32,0.152192674,0.000385,7.7510171688959995,6.889793
RPI4,64,O3,SMI,9,XRGB,64,0.118166600,0.000150,9.982922719232,8.873709
RPI4,64,O3,SMI,9,XRGB,128,0.097006285,0.000107,12.160531955711999,10.809362
RPI4,64,O3,SMI,9,XRGB,256,0.082280963,0.000103,14.336827326463998,12.743847
RPI4,64,O3,SMI,9,XRGB,512,0.074889625,0.000031,15.751821918207998,14.001619
RPI4,64,O3,SMI,9,XRGB,1024,0.071279909,0.000149,16.549515624448,14.710681
RPI4,64,O3,SMI,9,XRGB,2048,0.069379313,0.000026,17.002877943808,15.113669
RPI4,64,O3,SMI,9,XRGB,4096,0.068531234,0.000128,17.213290446848,15.300702
RPI4,64,O3,SMI,9,XRGB,8192,0.068046855,0.000039,17.335819698176,15.409617
RPI4,64,O3,SMI,9,XRGB,16384,0.067800751,0.000038,17.398745792512,15.465551
RPI4,64,O3,SMI,9,XRGB,32768,0.067958379,0.000136,17.358389247999998,15.429679
RPI4,64,O3,SMI,9,XRGB,65536,0.067656545,0.000043,17.435829731328,15.498515
RPI4,64,O3,SMI,9,XRGB,131072,0.067582184,0.000026,17.455014477823998,15.515568
RPI4,64,O3,SMI,9,XRGB,262144,0.067705379,0.000028,17.42325415936,15.487337
RPI4,64,O3,SMI,9,XRGB,524288,0.068488517,0.000186,17.224025767936,15.310245
RPI4,64,O3,SMI,9,XRGB,1048576,0.068529706,0.000076,17.213673177087998,15.301043
RPI4,64,O3,SMI,9,RGB565,8,0.321730844,0.000073,3.666568282112,3.259172
RPI4,64,O3,SMI,9,RGB565,16,0.186521495,0.000075,6.324460978175999,5.621743
RPI4,64,O3,SMI,9,RGB565,32,0.119440437,0.000022,9.876454506495998,8.779070
RPI4,64,O3,SMI,9,RGB565,64,0.084595515,0.000062,13.944568676351999,12.395172
RPI4,64,O3,SMI,9,RGB565,128,0.067944531,0.000537,17.361927143424,15.432824
RPI4,64,O3,SMI,9,RGB565,256,0.055116580,0.000032,21.402779385855997,19.024693
RPI4,64,O3,SMI,9,RGB565,512,0.044581339,0.000030,26.460578381824,23.520514
RPI4,64,O3,SMI,9,RGB565,1024,0.039329618,0.000018,29.993884188672,26.661230
RPI4,64,O3,SMI,9,RGB565,2048,0.036708845,0.000012,32.135252541439996,28.564669
RPI4,64,O3,SMI,9,RGB565,4096,0.035372313,0.000020,33.349473140735995,29.643976
RPI4,64,O3,SMI,9,RGB565,8192,0.034707742,0.000018,33.988036001792,30.211588
RPI4,64,O3,SMI,9,RGB565,16384,0.034417120,0.000031,34.275035447296,30.466698
RPI4,64,O3,SMI,9,RGB565,32768,0.034240648,0.000035,34.451684851712,30.623720
RPI4,64,O3,SMI,9,RGB565,65536,0.034155997,0.000030,34.537068298239994,30.699616
RPI4,64,O3,SMI,9,RGB565,131072,0.034114409,0.000035,34.579171770368,30.737042
RPI4,64,O3,SMI,9,RGB565,262144,0.034188382,0.000115,34.50435272704,30.670536
RPI4,64,O3,SMI,9,RGB565,524288,0.034188879,0.000069,34.503851507712,30.670090
RPI4,64,O3,SMI,9,RGB565,1048576,0.034487871,0.000089,34.204721086464,30.404196
RPI4,64,O3,SMI,16,XRGB,8,0.388736621,0.000504,5.394789302272,2.697394
RPI4,64,O3,SMI,16,XRGB,16,0.244916267,0.000646,8.562730336256,4.281365
RPI4,64,O3,SMI,16,XRGB,32,0.177108414,0.000097,11.841063354367998,5.920532
RPI4,64,O3,SMI,16,XRGB,64,0.141143336,0.000090,14.858313531392,7.429157
RPI4,64,O3,SMI,16,XRGB,128,0.116773347,0.000051,17.959166672896,8.979583
RPI4,64,O3,SMI,16,XRGB,256,0.103040781,0.000032,20.352641007615997,10.176320
RPI4,64,O3,SMI,16,XRGB,512,0.096472893,0.000032,21.738251354112,10.869126
RPI4,64,O3,SMI,16,XRGB,1024,0.093095054,0.000062,22.526996512768,11.263499
RPI4,64,O3,SMI,16,XRGB,2048,0.091517665,0.000086,22.91527057408,11.457635
RPI4,64,O3,SMI,16,XRGB,4096,0.090654349,0.000041,23.133496016895997,11.566748
RPI4,64,O3,SMI,16,XRGB,8192,0.090226591,0.000035,23.243169726464,11.621585
RPI4,64,O3,SMI,16,XRGB,16384,0.090103704,0.000071,23.274870276096,11.637435
RPI4,64,O3,SMI,16,XRGB,32768,0.089987850,0.000090,23.304835432447998,11.652417
RPI4,64,O3,SMI,16,XRGB,65536,0.089966603,0.000043,23.310339407871997,11.655169
RPI4,64,O3,SMI,16,XRGB,131072,0.089949966,0.000071,23.314650103808,11.657325
RPI4,64,O3,SMI,16,XRGB,262144,0.090273759,0.000061,23.231025119231997,11.615513
RPI4,64,O3,SMI,16,XRGB,524288,0.091249933,0.000132,22.982504218623998,11.491252
RPI4,64,O3,SMI,16,XRGB,1048576,0.091112917,0.000019,23.017065283583996,11.508533
RPI4,64,O3,SMI,16,RGB565,8,0.356839179,0.005758,5.877023113216,2.938511
RPI4,64,O3,SMI,16,RGB565,16,0.218816143,0.000110,9.584082157568,4.792041
RPI4,64,O3,SMI,16,RGB565,32,0.151816609,0.000265,13.813718974463999,6.906860
RPI4,64,O3,SMI,16,RGB565,64,0.117745016,0.000046,17.810961989632,8.905481
RPI4,64,O3,SMI,16,RGB565,128,0.096631416,0.000035,21.702590332927997,10.851295
RPI4,64,O3,SMI,16,RGB565,256,0.081948921,0.000034,25.590964944896,12.795483
RPI4,64,O3,SMI,16,RGB565,512,0.074648536,0.000085,28.09367887872,14.046839
RPI4,64,O3,SMI,16,RGB565,1024,0.071018566,0.000233,29.5296303104,14.764815
RPI4,64,O3,SMI,16,RGB565,2048,0.069259848,0.000025,30.279477493759998,15.139739
RPI4,64,O3,SMI,16,RGB565,4096,0.068299459,0.000020,30.705250729983998,15.352625
RPI4,64,O3,SMI,16,RGB565,8192,0.067885302,0.000039,30.892578832384,15.446289
RPI4,64,O3,SMI,16,RGB565,16384,0.067783010,0.000066,30.939198521343997,15.469599
RPI4,64,O3,SMI,16,RGB565,32768,0.067717603,0.000292,30.969081888768,15.484541
RPI4,64,O3,SMI,16,RGB565,65536,0.067694133,0.000122,30.979819307007997,15.489909
RPI4,64,O3,SMI,16,RGB565,131072,0.067597268,0.000085,31.024211820544,15.512106
RPI4,64,O3,SMI,16,RGB565,262144,0.067718445,0.000069,30.968697061376,15.484349
RPI4,64,O3,SMI,16,RGB565,524288,0.068460247,0.000102,30.633134915584,15.316567
RPI4,64,O3,SMI,16,RGB565,1048576,0.068507655,0.000075,30.611936903167997,15.305968
RPI4,64,O3,SMI,18,XRGB,8,0.422442813,0.000207,5.584888791039999,2.482173
RPI4,64,O3,SMI,18,XRGB,16,0.286908444,0.000086,8.223166824447999,3.654741
RPI4,64,O3,SMI,18,XRGB,32,0.219625577,0.000080,10.742354935807999,4.774380
RPI4,64,O3,SMI,18,XRGB,64,0.181576396,0.000146,12.993406435327998,5.774848
RPI4,64,O3,SMI,18,XRGB,128,0.158445669,0.000039,14.890252107775998,6.617890
RPI4,64,O3,SMI,18,XRGB,256,0.146785439,0.000066,16.073093021696,7.143597
RPI4,64,O3,SMI,18,XRGB,512,0.140928478,0.000058,16.74108731392,7.440483
RPI4,64,O3,SMI,18,XRGB,1024,0.138063698,0.000063,17.088460619775997,7.594871
RPI4,64,O3,SMI,18,XRGB,2048,0.136534012,0.000036,17.27991382016,7.679962
RPI4,64,O3,SMI,18,XRGB,4096,0.135947393,0.000044,17.354478059519998,7.713101
RPI4,64,O3,SMI,18,XRGB,8192,0.135554616,0.000035,17.404763570176,7.735450
RPI4,64,O3,SMI,18,XRGB,16384,0.135466503,0.000087,17.416083996672,7.740482
RPI4,64,O3,SMI,18,XRGB,32768,0.135271328,0.000036,17.441213120512,7.751650
RPI4,64,O3,SMI,18,XRGB,65536,0.135272887,0.000062,17.441011793919998,7.751561
RPI4,64,O3,SMI,18,XRGB,131072,0.135492697,0.000148,17.412717019136,7.738985
RPI4,64,O3,SMI,18,XRGB,262144,0.136707110,0.000119,17.258034233344,7.670237
RPI4,64,O3,SMI,18,XRGB,524288,0.137345504,0.000405,17.177817120767997,7.634586
RPI4,64,O3,SMI,18,XRGB,1048576,0.136640512,0.000118,17.266445910016,7.673976
RPI4,64,O3,SMI,18,RGB565,8,0.355133773,0.000323,6.643401097216,2.952623
RPI4,64,O3,SMI,18,RGB565,16,0.220653532,0.000382,10.692310597632,4.752138
RPI4,64,O3,SMI,18,RGB565,32,0.152853104,0.000082,15.435054448639999,6.860024
RPI4,64,O3,SMI,18,RGB565,64,0.118940768,0.000130,19.835890171904,8.815951
RPI4,64,O3,SMI,18,RGB565,128,0.097750168,0.000152,24.135978713087997,10.727102
RPI4,64,O3,SMI,18,RGB565,256,0.083069509,0.000029,28.401468440575997,12.622875
RPI4,64,O3,SMI,18,RGB565,512,0.075767473,0.000139,31.13863872512,13.839395
RPI4,64,O3,SMI,18,RGB565,1024,0.072033417,0.000015,32.752798793728,14.556799
RPI4,64,O3,SMI,18,RGB565,2048,0.070150197,0.000022,33.63206542131199,14.947585
RPI4,64,O3,SMI,18,RGB565,4096,0.069560248,0.000369,33.917303259136,15.074357
RPI4,64,O3,SMI,18,RGB565,8192,0.068820019,0.000046,34.2821175296,15.236497
RPI4,64,O3,SMI,18,RGB565,16384,0.068591418,0.000029,34.396373516287994,15.287277
RPI4,64,O3,SMI,18,RGB565,32768,0.068539185,0.000057,34.422585819135996,15.298927
RPI4,64,O3,SMI,18,RGB565,65536,0.068426446,0.000035,34.479301197824,15.324134
RPI4,64,O3,SMI,18,RGB565,131072,0.068422417,0.000045,34.48133124096,15.325036
RPI4,64,O3,SMI,18,RGB565,262144,0.068505704,0.000147,34.43940917248,15.306404
RPI4,64,O3,SMI,18,RGB565,524288,0.069100883,0.000120,34.142776459264,15.174567
RPI4,64,O3,SMI,18,RGB565,1048576,0.069127887,0.000123,34.129438572544,15.168640
RPI3B+,32,O3,SMI,8,RGB565,8,0.25501125,5.1e-05,4.111881732096,4.111881
RPI3B+,32,O3,SMI,8,RGB565,16,0.160000229,9.9e-05,6.553590562815999,6.553591
RPI3B+,32,O3,SMI,8,RGB565,32,0.109719688,6.6e-05,9.556863221759999,9.556863
RPI3B+,32,O3,SMI,8,RGB565,64,0.084058208,4.6e-05,12.474403258368,12.474403
RPI3B+,32,O3,SMI,8,RGB565,128,0.071360156,0.000113,14.694137987071999,14.694138
RPI3B+,32,O3,SMI,8,RGB565,256,0.05781026,3.9e-05,18.138233044992,18.138233
RPI3B+,32,O3,SMI,8,RGB565,512,0.043884729,4.2e-05,23.89386985472,23.89387
RPI3B+,32,O3,SMI,8,RGB565,1024,0.03710377,0.000293,28.260632100864,28.260632
RPI3B+,32,O3,SMI,8,RGB565,2048,0.033635,0.000359,31.175144898559996,31.175145
RPI3B+,32,O3,SMI,8,RGB565,4096,0.03168849,5.8e-05,33.090122547200004,33.090122
RPI3B+,32,O3,SMI,8,RGB565,8192,0.030803073,4.3e-05,34.041279545344004,34.041279
RPI3B+,32,O3,SMI,8,RGB565,16384,0.030400906,3e-05,34.491603091456,34.491603
RPI3B+,32,O3,SMI,8,RGB565,32768,0.030215979,4.7e-05,34.702698217472,34.702698
RPI3B+,32,O3,SMI,8,RGB565,65536,0.030082396,5.9e-05,34.856797995007994,34.856798
RPI3B+,32,O3,SMI,8,RGB565,131072,0.030113469,0.000104,34.820830789632,34.820831
RPI3B+,32,O3,SMI,8,RGB565,262144,0.030138323,0.000175,34.79211553587199,34.792115
RPI3B+,32,O3,SMI,8,RGB565,524288,0.030398469,0.000299,34.494369234944,34.494369
RPI3B+,32,O3,SMI,8,RGB565,1048576,0.031182646,0.000151,33.626908524544,33.626909
RPI3B+,32,O3,SMI,8,XRGB,8,0.273961448,0.001452,3.827458637824,3.827458
RPI3B+,32,O3,SMI,8,XRGB,16,0.177725646,0.00041,5.8999701504,5.89997
RPI3B+,32,O3,SMI,8,XRGB,32,0.121939708,0.000983,8.599134797823998,8.599135
RPI3B+,32,O3,SMI,8,XRGB,64,0.095795938,0.000176,10.945933869055999,10.945934
RPI3B+,32,O3,SMI,8,XRGB,128,0.081927875,0.000266,12.798769758207998,12.79877
RPI3B+,32,O3,SMI,8,XRGB,256,0.063171781,0.000472,16.598803939328,16.598804
RPI3B+,32,O3,SMI,8,XRGB,512,0.050900469,0.000172,20.600518082559997,20.600518
RPI3B+,32,O3,SMI,8,XRGB,1024,0.04526725,0.000319,23.164119678975997,23.16412
RPI3B+,32,O3,SMI,8,XRGB,2048,0.042923261,0.000537,24.429085065216,24.429085
RPI3B+,32,O3,SMI,8,XRGB,4096,0.040924437,0.000303,25.622246064128,25.622246
RPI3B+,32,O3,SMI,8,XRGB,8192,0.040034542,0.000121,26.19178221568,26.191782
RPI3B+,32,O3,SMI,8,XRGB,16384,0.0398685,0.000253,26.300864528384,26.300864
RPI3B+,32,O3,SMI,8,XRGB,32768,0.039684063,0.000223,26.423101227007997,26.423101
RPI3B+,32,O3,SMI,8,XRGB,65536,0.039738375,0.000383,26.386987220991998,26.386987
RPI3B+,32,O3,SMI,8,XRGB,131072,0.04270475,0.001794,24.554083713024,24.554084
RPI3B+,32,O3,SMI,8,XRGB,262144,0.04029024,0.000497,26.025558802432,26.025559
RPI3B+,32,O3,SMI,8,XRGB,524288,0.041605844,0.000294,25.20261328896,25.202614
RPI3B+,32,O3,SMI,8,XRGB,1048576,0.041802041,0.000452,25.084325527552,25.084325
RPI3B+,32,O3,SMI,9,XRGB,8,0.292567375,0.000505,4.032055738367999,3.58405
RPI3B+,32,O3,SMI,9,XRGB,16,0.207379,0.016459,5.6883675136,5.056327
RPI3B+,32,O3,SMI,9,XRGB,32,0.145533604,0.00473,8.105673883647999,7.205044
RPI3B+,32,O3,SMI,9,XRGB,64,0.122763573,0.006293,9.609104326656,8.541426
RPI3B+,32,O3,SMI,9,XRGB,128,0.094860771,0.001027,12.435572391936,11.053842
RPI3B+,32,O3,SMI,9,XRGB,256,0.077377625,0.000344,15.245337690111999,13.551411
RPI3B+,32,O3,SMI,9,XRGB,512,0.069217458,0.001864,17.0426368,15.14901
RPI3B+,32,O3,SMI,9,XRGB,1024,0.070190573,0.006193,16.806359072767997,14.938986
RPI3B+,32,O3,SMI,9,XRGB,2048,0.061850438,0.000364,19.072589758464,16.953413
RPI3B+,32,O3,SMI,9,XRGB,4096,0.061028219,0.000728,19.32954959872,17.181822
RPI3B+,32,O3,SMI,9,XRGB,8192,0.060591375,0.00052,19.468909543423997,17.305697
RPI3B+,32,O3,SMI,9,XRGB,16384,0.060160365,0.000467,19.60839217152,17.429681
RPI3B+,32,O3,SMI,9,XRGB,32768,0.059820594,0.000297,19.719764574207996,17.528679
RPI3B+,32,O3,SMI,9,XRGB,65536,0.060535667,0.000539,19.48682551296,17.321623
RPI3B+,32,O3,SMI,9,XRGB,131072,0.060045521,0.000485,19.645895540736,17.463018
RPI3B+,32,O3,SMI,9,XRGB,262144,0.062289937,0.001173,18.938018660351997,16.833794
RPI3B+,32,O3,SMI,9,XRGB,524288,0.062940823,0.000478,18.742176120832,16.659712
RPI3B+,32,O3,SMI,9,XRGB,1048576,0.062763448,0.000347,18.795142840319997,16.706794
RPI3B+,32,O3,SMI,9,RGB565,8,0.273361406,0.004874,4.315342176256,3.83586
RPI3B+,32,O3,SMI,9,RGB565,16,0.166919448,0.001866,7.067169456128,6.281928
RPI3B+,32,O3,SMI,9,RGB565,32,0.118871761,0.00242,9.92370229248,8.821069
RPI3B+,32,O3,SMI,9,RGB565,64,0.08807351,0.002273,13.393902698496,11.905691
RPI3B+,32,O3,SMI,9,RGB565,128,0.073869864,0.00114,15.96927246336,14.194909
RPI3B+,32,O3,SMI,9,RGB565,256,0.059844063,0.001575,19.712030277632,17.521805
RPI3B+,32,O3,SMI,9,RGB565,512,0.046699604,0.001406,25.26034264064,22.453638
RPI3B+,32,O3,SMI,9,RGB565,1024,0.038490823,0.000602,30.647512989695997,27.242234
RPI3B+,32,O3,SMI,9,RGB565,2048,0.034624521,0.000143,34.069727412224,30.284203
RPI3B+,32,O3,SMI,9,RGB565,4096,0.033121135,0.000248,35.616170442752,31.658818
RPI3B+,32,O3,SMI,9,RGB565,8192,0.032002281,0.000187,36.861372268544,32.765665
RPI3B+,32,O3,SMI,9,RGB565,16384,0.031764969,0.000277,37.136759783424,33.010453
RPI3B+,32,O3,SMI,9,RGB565,32768,0.031435896,0.000164,37.525508849664,33.356008
RPI3B+,32,O3,SMI,9,RGB565,65536,0.031661198,0.000514,37.258476388351994,33.118646
RPI3B+,32,O3,SMI,9,RGB565,131072,0.031554958,0.000557,37.383918583808,33.23015
RPI3B+,32,O3,SMI,9,RGB565,262144,0.0311465,0.000212,37.874175049727995,33.665934
RPI3B+,32,O3,SMI,9,RGB565,524288,0.031948927,0.000522,36.9229299712,32.820382
RPI3B+,32,O3,SMI,9,RGB565,1048576,0.032062073,0.000296,36.792630771712,32.70456
RPI3B+,32,O3,SMI,16,RGB565,8,0.291092729,0.001463,7.204412325888,3.602206
RPI3B+,32,O3,SMI,16,RGB565,16,0.189774479,0.000155,11.050758963199998,5.525379
RPI3B+,32,O3,SMI,16,RGB565,32,0.139480438,0.000445,15.035455766527999,7.517728
RPI3B+,32,O3,SMI,16,RGB565,64,0.113793896,0.000237,18.429389045759997,9.214695
RPI3B+,32,O3,SMI,16,RGB565,128,0.093968489,0.000772,22.317609517056,11.158804
RPI3B+,32,O3,SMI,16,RGB565,256,0.076760041,0.000535,27.320881512448,13.660441
RPI3B+,32,O3,SMI,16,RGB565,512,0.068346833,0.000448,30.683967782912,15.341984
RPI3B+,32,O3,SMI,16,RGB565,1024,0.063530219,0.000501,33.010307039231996,16.505153
RPI3B+,32,O3,SMI,16,RGB565,2048,0.061298312,0.000239,34.212230987775996,17.106115
RPI3B+,32,O3,SMI,16,RGB565,4096,0.060333969,0.000598,34.759059177472004,17.37953
RPI3B+,32,O3,SMI,16,RGB565,8192,0.059583104,0.000174,35.197092364288004,17.598546
RPI3B+,32,O3,SMI,16,RGB565,16384,0.05945351,0.000213,35.273812475904,17.636906
RPI3B+,32,O3,SMI,16,RGB565,32768,0.06034076,0.001949,34.755146940416,17.377574
RPI3B+,32,O3,SMI,16,RGB565,65536,0.059353125,0.000298,35.33347225599999,17.666736
RPI3B+,32,O3,SMI,16,RGB565,131072,0.059914291,0.000784,35.002533281792,17.501267
RPI3B+,32,O3,SMI,16,RGB565,262144,0.061311562,0.000315,34.204837478399995,17.102419
RPI3B+,32,O3,SMI,16,RGB565,524288,0.06265202,0.00029,33.473014267904,16.736507
RPI3B+,32,O3,SMI,16,RGB565,1048576,0.06278198,0.00045,33.4037254144,16.701863
RPI3B+,32,O3,SMI,18,XRGB,8,0.350775687,0.002258,6.725939757056,2.989306
RPI3B+,32,O3,SMI,18,XRGB,16,0.250310499,0.000385,9.425477697536,4.189101
RPI3B+,32,O3,SMI,18,XRGB,32,0.19992149,0.000398,11.801112608768,5.244939
RPI3B+,32,O3,SMI,18,XRGB,64,0.167209031,0.000565,14.109859905535998,6.271049
RPI3B+,32,O3,SMI,18,XRGB,128,0.143026563,0.000346,16.495509766144,7.331337
RPI3B+,32,O3,SMI,18,XRGB,256,0.135139136,0.007851,17.458273452032,7.759233
RPI3B+,32,O3,SMI,18,XRGB,512,0.125159563,0.000566,18.850305277952,8.377914
RPI3B+,32,O3,SMI,18,XRGB,1024,0.122422229,0.000515,19.27179403264,8.565242
RPI3B+,32,O3,SMI,18,XRGB,2048,0.120595834,0.000402,19.563660967936002,8.69496
RPI3B+,32,O3,SMI,18,XRGB,4096,0.120055989,0.000261,19.651631251456,8.734058
RPI3B+,32,O3,SMI,18,XRGB,8192,0.120592114,0.0018,19.564263899135998,8.695229
RPI3B+,32,O3,SMI,18,XRGB,16384,0.120438479,0.001254,19.589221056512,8.70632
RPI3B+,32,O3,SMI,18,XRGB,32768,0.123109667,0.0062,19.164181823488,8.517414
RPI3B+,32,O3,SMI,18,XRGB,65536,0.122808875,0.005692,19.211119230976,8.538275
RPI3B+,32,O3,SMI,18,XRGB,131072,0.140363094,0.0162,16.80852123648,7.470454
RPI3B+,32,O3,SMI,18,XRGB,262144,0.156833916,0.025385,15.043277094912,6.685901
RPI3B+,32,O3,SMI,18,XRGB,524288,0.156314958,0.018048,15.093219721216,6.708098
RPI3B+,32,O3,SMI,18,XRGB,1048576,0.156198458,0.01199,15.104477233152,6.713101
RPI3B+,32,O3,SMI,18,RGB565,8,0.290782646,0.001274,8.113606361088,3.606047
RPI3B+,32,O3,SMI,18,RGB565,16,0.192610094,0.000653,12.249077907455998,5.444035
RPI3B+,32,O3,SMI,18,RGB565,32,0.141232489,0.000241,16.705051951104,7.424467
RPI3B+,32,O3,SMI,18,RGB565,64,0.115922396,0.000473,20.352374669312,9.0455
RPI3B+,32,O3,SMI,18,RGB565,128,0.095492083,0.000243,24.706718629888,10.980764
RPI3B+,32,O3,SMI,18,RGB565,256,0.078292063,0.000801,30.134548561919996,13.393133
RPI3B+,32,O3,SMI,18,RGB565,512,0.069605365,0.000632,33.89531881471999,15.064586
RPI3B+,32,O3,SMI,18,RGB565,1024,0.065096063,0.000384,36.243298582528,16.108132
RPI3B+,32,O3,SMI,18,RGB565,2048,0.062970614,0.000402,37.466618724352,16.651831
RPI3B+,32,O3,SMI,18,RGB565,4096,0.061980604,0.000445,38.065069359104,16.917809
RPI3B+,32,O3,SMI,18,RGB565,8192,0.061169875,0.000171,38.569573875711995,17.142033
RPI3B+,32,O3,SMI,18,RGB565,16384,0.061263229,0.000534,38.510800142336,17.115911
RPI3B+,32,O3,SMI,18,RGB565,32768,0.061225417,0.000485,38.534584991744,17.126482
RPI3B+,32,O3,SMI,18,RGB565,65536,0.061064125,0.000383,38.63636816691199,17.171719
RPI3B+,32,O3,SMI,18,RGB565,131072,0.061261052,0.000368,38.512169582592,17.11652
RPI3B+,32,O3,SMI,18,RGB565,262144,0.062937531,0.00074,37.48631307878399,16.660584
RPI3B+,32,O3,SMI,18,RGB565,524288,0.064001948,0.000369,36.86287802368,16.383501
RPI3B+,32,O3,SMI,18,RGB565,1048576,0.064128146,0.000545,36.790335438848,16.35126
RPI3B+,32,O3,DMA,8,N/A,8,8.911002757,8.58997,0.117672247296,0.117672
RPI3B+,32,O3,DMA,8,N/A,16,4.462573394,4.294968,0.23497120153599999,0.234971
RPI3B+,32,O3,DMA,8,N/A,32,2.217780812,4.295031,0.47280396697599997,0.472804
RPI3B+,32,O3,DMA,8,N/A,64,1.111965906,0.003191,0.9429927854079999,0.942993
RPI3B+,32,O3,DMA,8,N/A,128,0.556863031,0.001844,1.883005517824,1.883005
RPI3B+,32,O3,DMA,8,N/A,256,0.27710725,0.000243,3.784007745536,3.784008
RPI3B+,32,O3,DMA,8,N/A,512,0.140051562,0.001622,7.487070666752,7.487071
RPI3B+,32,O3,DMA,8,N/A,1024,0.138868354,0.001619,7.55086393344,7.550864
RPI3B+,32,O3,DMA,8,N/A,2048,0.105594594,0.001121,9.930205560831999,9.930205
RPI3B+,32,O3,DMA,8,N/A,4096,0.09243676,0.000513,11.343712223231998,11.343712
RPI3B+,32,O3,DMA,8,N/A,8192,0.100788146,0.00179,10.403763453952,10.403763
RPI3B+,32,O3,DMA,8,N/A,16384,0.088693583,0.000621,11.822456373247999,11.822456
RPI3B+,32,O3,DMA,8,N/A,32768,0.087992521,0.00036,11.916648906751998,11.916649
RPI3B+,32,O3,DMA,8,N/A,65536,0.085449437,8.8e-05,12.271303524351998,12.271304
RPI3B+,32,O3,DMA,8,N/A,131072,0.083937531,4.1e-05,12.492338102271999,12.492338
RPI3B+,32,O3,DMA,8,N/A,262144,0.083292864,0.000209,12.589025198079998,12.589026
RPI3B+,32,O3,DMA,8,N/A,524288,0.083165521,3.9e-05,12.608302219264,12.608302
RPI3B+,32,O3,DMA,8,N/A,1048576,0.083037094,4.2e-05,12.627802587136,12.627802
RPI3B+,32,O3,DMA,9,N/A,8,8.919290945,8.589959,0.13225793945599998,0.117563
RPI3B+,32,O3,DMA,9,N/A,16,4.455975436,4.295026,0.26473398272000004,0.235319
RPI3B+,32,O3,DMA,9,N/A,32,2.238450572,4.294976,0.52699332608,0.468438
RPI3B+,32,O3,DMA,9,N/A,64,1.114050416,0.001903,1.058882453504,0.941228
RPI3B+,32,O3,DMA,9,N/A,128,0.558050646,0.002475,2.113872592896,1.878998
RPI3B+,32,O3,DMA,9,N/A,256,0.280068896,0.00183,4.211992428544,3.743993
RPI3B+,32,O3,DMA,9,N/A,512,0.139416208,0.001459,8.461340377087998,7.521191
RPI3B+,32,O3,DMA,9,N/A,1024,0.1380895,0.000752,8.542633328640001,7.593452
RPI3B+,32,O3,DMA,9,N/A,2048,0.104119219,9.2e-05,11.329781891071999,10.070917
RPI3B+,32,O3,DMA,9,N/A,4096,0.093665448,0.00135,12.594270175232,11.194907
RPI3B+,32,O3,DMA,9,N/A,8192,0.101505625,0.000682,11.62150412288,10.330226
RPI3B+,32,O3,DMA,9,N/A,16384,0.088484573,0.000606,13.331680198655999,11.850382
RPI3B+,32,O3,DMA,9,N/A,32768,0.085806791,0.002274,13.747722649599998,12.220198
RPI3B+,32,O3,DMA,9,N/A,65536,0.085524448,8.3e-05,13.793108164607998,12.260541
RPI3B+,32,O3,DMA,9,N/A,131072,0.084046927,8.4e-05,14.035587170304,12.476078
RPI3B+,32,O3,DMA,9,N/A,262144,0.083130927,0.000119,14.19024269312,12.613549
RPI3B+,32,O3,DMA,9,N/A,524288,0.08308051,7.3e-05,14.198853599231999,12.621203
RPI3B+,32,O3,DMA,9,N/A,1048576,0.083021958,6.9e-05,14.208867500032,12.630104
RPI3B+,32,O3,DMA,16,N/A,8,8.922437902,8.589997,0.23504250470399998,0.117521
RPI3B+,32,O3,DMA,16,N/A,16,4.448420675,4.295073,0.471437672448,0.235719
RPI3B+,32,O3,DMA,16,N/A,32,2.23612226,4.294972,0.93785161728,0.468926
RPI3B+,32,O3,DMA,16,N/A,64,1.108880666,0.013725,1.891233693696,0.945617
RPI3B+,32,O3,DMA,16,N/A,128,0.558292719,0.001721,3.7563662335999997,1.878183
RPI3B+,32,O3,DMA,16,N/A,256,0.279951906,0.002015,7.491115024384,3.745558
RPI3B+,32,O3,DMA,16,N/A,512,0.140114021,0.001063,14.967467147264,7.483734
RPI3B+,32,O3,DMA,16,N/A,1024,0.139366239,0.001278,15.047776534528,7.523888
RPI3B+,32,O3,DMA,16,N/A,2048,0.104477448,0.000956,20.072771878912,10.036386
RPI3B+,32,O3,DMA,16,N/A,4096,0.093282531,0.001038,22.481723195392,11.240861
RPI3B+,32,O3,DMA,16,N/A,8192,0.100729896,0.000203,20.819559317503998,10.409779
RPI3B+,32,O3,DMA,16,N/A,16384,0.088050261,0.000103,23.8176698368,11.908835
RPI3B+,32,O3,DMA,16,N/A,32768,0.08779926,0.00038,23.88575911936,11.94288
RPI3B+,32,O3,DMA,16,N/A,65536,0.085637438,6.6e-05,24.488729116672,12.244364
RPI3B+,32,O3,DMA,16,N/A,131072,0.083978646,6e-05,24.972443516927996,12.486222
RPI3B+,32,O3,DMA,16,N/A,262144,0.083218865,0.000189,25.200439590911998,12.60022
RPI3B+,32,O3,DMA,16,N/A,524288,0.083122948,8.7e-05,25.229518700544,12.61476
RPI3B+,32,O3,DMA,16,N/A,1048576,0.08303824,5.3e-05,25.255255998463998,12.627628
RPI3B+,32,O3,DMA,18,N/A,8,8.911974194,8.589979,0.264732934144,0.117659
RPI3B+,32,O3,DMA,18,N/A,16,4.458058811,4.295059,0.529220501504,0.235209
RPI3B+,32,O3,DMA,18,N/A,32,2.232281541,4.294969,1.056898547712,0.469733
RPI3B+,32,O3,DMA,18,N/A,64,1.116876999,0.000893,2.112404586496,0.938846
RPI3B+,32,O3,DMA,18,N/A,128,0.557768594,0.002077,4.229883232255999,1.879948
RPI3B+,32,O3,DMA,18,N/A,256,0.278443688,0.000751,8.473153634304,3.765846
RPI3B+,32,O3,DMA,18,N/A,512,0.140927187,0.001752,16.741241454592,7.440552
RPI3B+,32,O3,DMA,18,N/A,1024,0.140495406,0.001531,16.792690884608,7.463418
RPI3B+,32,O3,DMA,18,N/A,2048,0.104493375,0.001027,22.578427068415998,10.034856
RPI3B+,32,O3,DMA,18,N/A,4096,0.092992698,0.000597,25.370766082047997,11.275896
RPI3B+,32,O3,DMA,18,N/A,8192,0.100907938,0.00021,23.380677885952,10.391412
RPI3B+,32,O3,DMA,18,N/A,16384,0.088840489,0.000659,26.556539863039998,11.802907
RPI3B+,32,O3,DMA,18,N/A,32768,0.087832271,0.000476,26.861379780607997,11.938391
RPI3B+,32,O3,DMA,18,N/A,65536,0.085550261,0.000148,27.577893781504,12.256842
RPI3B+,32,O3,DMA,18,N/A,131072,0.083940781,3.9e-05,28.106671783936,12.491854
RPI3B+,32,O3,DMA,18,N/A,262144,0.083198989,7.3e-05,28.357267816447997,12.60323
RPI3B+,32,O3,DMA,18,N/A,524288,0.083154448,7e-05,28.372457488384,12.609981
RPI3B+,32,O3,DMA,18,N/A,1048576,0.0830035,7.3e-05,28.424054767616,12.632932
