RPI3B+,O3,SMI,8,RGB565,8,0.211190636,0.030511,4.735058,4.965069
RPI3B+,O3,SMI,8,RGB565,16,0.090581250,0.001430,11.039812,11.576082
RPI3B+,O3,SMI,8,RGB565,32,0.044614344,0.000430,22.414316,23.503114
RPI3B+,O3,SMI,8,RGB565,64,0.022078927,0.000071,45.292056,47.492163
RPI3B+,O3,SMI,8,RGB565,128,0.011226927,0.000190,89.071567,93.398308
RPI3B+,O3,SMI,8,RGB565,256,0.005841895,0.000610,171.177320,179.492430
RPI3B+,O3,SMI,8,RGB565,512,0.003001531,0.000423,333.163287,349.347027
RPI3B+,O3,SMI,8,RGB565,1024,0.001400104,0.000037,714.232657,748.927223
RPI3B+,O3,SMI,8,RGB565,2048,0.000710833,0.000030,1406.799399,1475.136087
RPI3B+,O3,SMI,8,RGB565,4096,0.000365427,0.000031,2736.523171,2869.452520
RPI3B+,O3,SMI,8,RGB565,8192,0.000190750,0.000023,5242.463958,5497.121887
RPI3B+,O3,SMI,8,RGB565,16384,0.000106114,0.000011,9423.791681,9881.561786
RPI3B+,O3,SMI,8,RGB565,32768,0.000054448,0.000009,18366.214980,19258.372239
RPI3B+,O3,SMI,8,RGB565,65536,0.000027771,0.000004,36009.045472,37758.220865
RPI3B+,O3,SMI,8,RGB565,131072,0.000013656,0.000004,73225.740312,76782.753874
RPI3B+,O3,SMI,8,RGB565,262144,0.000005771,0.000001,173280.194074,181697.452781
RPI3B+,O3,SMI,8,RGB565,524288,0.000003823,0.000001,261574.679571,274280.931206
RPI3B+,O3,SMI,8,RGB565,1048576,0.000004959,0.000006,201669.826161,211466.139636
RPI3B+,O3,SMI,8,RGB565,8,0.243298698,0.002967,4.110174,4.309830
RPI3B+,O3,SMI,8,RGB565,16,0.144027583,0.002514,6.943114,7.280383
RPI3B+,O3,SMI,8,RGB565,32,0.093417656,0.000572,10.704615,11.224602
RPI3B+,O3,SMI,8,RGB565,64,0.067313989,0.000566,14.855753,15.577386
RPI3B+,O3,SMI,8,RGB565,128,0.054616448,0.000135,18.309503,19.198905
RPI3B+,O3,SMI,8,RGB565,256,0.045576573,0.000291,21.941097,23.006908
RPI3B+,O3,SMI,8,RGB565,512,0.038240031,0.000697,26.150606,27.420898
RPI3B+,O3,SMI,8,RGB565,1024,0.035468489,0.000657,28.194040,29.563593
RPI3B+,O3,SMI,8,RGB565,2048,0.032928417,0.000114,30.368906,31.844106
RPI3B+,O3,SMI,8,RGB565,4096,0.032815573,0.000212,30.473337,31.953610
RPI3B+,O3,SMI,8,RGB565,8192,0.040222885,0.000144,24.861469,26.069139
RPI3B+,O3,SMI,8,RGB565,16384,0.044245771,0.000512,22.601030,23.698898
RPI3B+,O3,SMI,8,RGB565,32768,0.045860719,0.000253,21.805153,22.864360
RPI3B+,O3,SMI,8,RGB565,65536,0.046963021,0.000249,21.293349,22.327695
RPI3B+,O3,SMI,8,RGB565,131072,0.053761511,0.010601,18.600668,19.504214
RPI3B+,O3,SMI,8,RGB565,262144,0.047194771,0.000291,21.188788,22.218055
RPI3B+,O3,SMI,8,RGB565,524288,0.048134459,0.000321,20.775138,21.784311
RPI3B+,O3,SMI,8,RGB565,1048576,0.049436448,0.001093,20.227991,21.210585
RPI3B+,O3,SMI,8,RGB565,8,0.301009438,0.008828,3.322155,3.483532
RPI3B+,O3,SMI,8,RGB565,16,0.186238229,0.000812,5.369467,5.630294
RPI3B+,O3,SMI,8,RGB565,32,0.132800927,0.000707,7.530068,7.895848
RPI3B+,O3,SMI,8,RGB565,64,0.108302875,0.001925,9.233365,9.681885
RPI3B+,O3,SMI,8,RGB565,128,0.096660927,0.000377,10.345442,10.847982
RPI3B+,O3,SMI,8,RGB565,256,0.082627937,0.000222,12.102444,12.690333
RPI3B+,O3,SMI,8,RGB565,512,0.067252812,0.000596,14.869267,15.591556
RPI3B+,O3,SMI,8,RGB565,1024,0.059903209,0.000533,16.693597,17.504505
RPI3B+,O3,SMI,8,RGB565,2048,0.057561698,0.000887,17.372663,18.216558
RPI3B+,O3,SMI,8,RGB565,4096,0.054700385,0.000392,18.281407,19.169445
RPI3B+,O3,SMI,8,RGB565,8192,0.053222312,0.000253,18.789112,19.701812
RPI3B+,O3,SMI,8,RGB565,16384,0.052268063,0.000128,19.132142,20.061505
RPI3B+,O3,SMI,8,RGB565,32768,0.052097666,0.000311,19.194718,20.127120
RPI3B+,O3,SMI,8,RGB565,65536,0.051764365,0.000109,19.318309,20.256715
RPI3B+,O3,SMI,8,RGB565,131072,0.052729750,0.002857,18.964626,19.885852
RPI3B+,O3,SMI,8,RGB565,262144,0.054191760,0.001173,18.452990,19.349362
RPI3B+,O3,SMI,8,RGB565,524288,0.052018614,0.000247,19.223888,20.157707
RPI3B+,O3,SMI,8,RGB565,1048576,0.053834864,0.000273,18.575323,19.477638
RPI3B+,O3,SMI,8,RGB565,8,0.296911521,0.005062,3.368007,3.531611
RPI3B+,O3,SMI,8,RGB565,16,0.191270844,0.001063,5.228188,5.482153
RPI3B+,O3,SMI,8,RGB565,32,0.134668760,0.000478,7.425627,7.786334
RPI3B+,O3,SMI,8,RGB565,64,0.107452552,0.000455,9.306433,9.758503
RPI3B+,O3,SMI,8,RGB565,128,0.095125323,0.000843,10.512448,11.023101
RPI3B+,O3,SMI,8,RGB565,256,0.079613333,0.000554,12.560710,13.170859
RPI3B+,O3,SMI,8,RGB565,512,0.066081219,0.000809,15.132893,15.867988
RPI3B+,O3,SMI,8,RGB565,1024,0.060456802,0.000675,16.540736,17.344219
RPI3B+,O3,SMI,8,RGB565,2048,0.058037177,0.000078,17.230335,18.067316
RPI3B+,O3,SMI,8,RGB565,4096,0.055573781,0.000115,17.994097,18.868178
RPI3B+,O3,SMI,8,RGB565,8192,0.054376657,0.000300,18.390244,19.283569
RPI3B+,O3,SMI,8,RGB565,16384,0.053678250,0.000178,18.629519,19.534467
RPI3B+,O3,SMI,8,RGB565,32768,0.053254771,0.000268,18.777660,19.689804
RPI3B+,O3,SMI,8,RGB565,65536,0.055459010,0.004094,18.031335,18.907225
RPI3B+,O3,SMI,8,RGB565,131072,0.052098458,0.000235,19.194426,20.126814
RPI3B+,O3,SMI,8,RGB565,262144,0.052286281,0.000343,19.125476,20.054515
RPI3B+,O3,SMI,8,RGB565,524288,0.052640355,0.000424,18.996833,19.919623
RPI3B+,O3,SMI,8,RGB565,1048576,0.052385334,0.000145,19.089312,20.016595
RPI3B+,O3,SMI,8,RGB565,8,0.298561073,0.001157,3.349398,3.512099
RPI3B+,O3,SMI,8,RGB565,16,0.187324062,0.000522,5.338342,5.597658
RPI3B+,O3,SMI,8,RGB565,32,0.134218375,0.000363,7.450545,7.812462
RPI3B+,O3,SMI,8,RGB565,64,0.106722281,0.000702,9.370115,9.825277
RPI3B+,O3,SMI,8,RGB565,128,0.093357813,0.000224,10.711476,11.231797
RPI3B+,O3,SMI,8,RGB565,256,0.082786198,0.000494,12.079308,12.666073
RPI3B+,O3,SMI,8,RGB565,512,0.067173323,0.000378,14.886862,15.610006
RPI3B+,O3,SMI,8,RGB565,1024,0.060430011,0.000504,16.548069,17.351908
RPI3B+,O3,SMI,8,RGB565,2048,0.058217739,0.000321,17.176895,18.011280
RPI3B+,O3,SMI,8,RGB565,4096,0.055701875,0.000468,17.952717,18.824788
RPI3B+,O3,SMI,8,RGB565,8192,0.053545135,0.000504,18.675833,19.583030
RPI3B+,O3,SMI,8,RGB565,16384,0.052684896,0.000271,18.980772,19.902782
RPI3B+,O3,SMI,8,RGB565,32768,0.052268938,0.000119,19.131822,20.061169
RPI3B+,O3,SMI,8,RGB565,65536,0.052005094,0.000392,19.228886,20.162948
RPI3B+,O3,SMI,8,RGB565,131072,0.052022177,0.000292,19.222571,20.156327
RPI3B+,O3,SMI,8,RGB565,262144,0.052018385,0.000142,19.223972,20.157796
RPI3B+,O3,SMI,8,RGB565,524288,0.052278854,0.000386,19.128193,20.057364
RPI3B+,O3,SMI,8,RGB565,1048576,0.052225677,0.000378,19.147669,20.077787
RPI3B+,O3,SMI,8,RGB565,8,0.250026260,0.003633,3.999580,4.193863
RPI3B+,O3,SMI,8,RGB565,16,0.147398750,0.001240,6.784318,7.113873
RPI3B+,O3,SMI,8,RGB565,32,0.094666635,0.000555,10.563384,11.076511
RPI3B+,O3,SMI,8,RGB565,64,0.068094771,0.000770,14.685415,15.398774
RPI3B+,O3,SMI,8,RGB565,128,0.055821448,0.001075,17.914261,18.784464
RPI3B+,O3,SMI,8,RGB565,256,0.047087635,0.000450,21.236998,22.268606
RPI3B+,O3,SMI,8,RGB565,512,0.039429886,0.000640,25.361474,26.593432
RPI3B+,O3,SMI,8,RGB565,1024,0.035417427,0.000427,28.234688,29.606216
RPI3B+,O3,SMI,8,RGB565,2048,0.033490552,0.000837,29.859167,31.309606
RPI3B+,O3,SMI,8,RGB565,4096,0.032812802,0.000223,30.475910,31.956308
RPI3B+,O3,SMI,8,RGB565,8192,0.040136104,0.000076,24.915223,26.125505
RPI3B+,O3,SMI,8,RGB565,16384,0.044305302,0.000539,22.570662,23.667055
RPI3B+,O3,SMI,8,RGB565,32768,0.045793677,0.000137,21.837076,22.897834
RPI3B+,O3,SMI,8,RGB565,65536,0.046475739,0.000727,21.516602,22.561793
RPI3B+,O3,SMI,8,RGB565,131072,0.046706031,0.000695,21.410511,22.450548
RPI3B+,O3,SMI,8,RGB565,262144,0.047135802,0.000283,21.215296,22.245850
RPI3B+,O3,SMI,8,RGB565,524288,0.048345083,0.000322,20.684627,21.689403
RPI3B+,O3,SMI,8,RGB565,1048576,0.048523271,0.000464,20.608669,21.609755
RPI3B+,O3,SMI,8,RGB565,8,0.253321041,0.000880,3.947560,4.139317
RPI3B+,O3,SMI,8,RGB565,16,0.146710625,0.000759,6.816139,7.147240
RPI3B+,O3,SMI,8,RGB565,32,0.095295281,0.000514,10.493699,11.003441
RPI3B+,O3,SMI,8,RGB565,64,0.068745854,0.000293,14.546332,15.252934
RPI3B+,O3,SMI,8,RGB565,128,0.055149344,0.000124,18.132582,19.013390
RPI3B+,O3,SMI,8,RGB565,256,0.045635907,0.000396,21.912570,22.976995
RPI3B+,O3,SMI,8,RGB565,512,0.037712792,0.000485,26.516202,27.804253
RPI3B+,O3,SMI,8,RGB565,1024,0.034934396,0.000240,28.625084,30.015576
RPI3B+,O3,SMI,8,RGB565,2048,0.033141031,0.000202,30.174076,31.639812
RPI3B+,O3,SMI,8,RGB565,4096,0.032669750,0.000128,30.609356,32.096236
RPI3B+,O3,SMI,8,RGB565,8192,0.040738531,0.000592,24.546786,25.739171
RPI3B+,O3,SMI,8,RGB565,16384,0.044026511,0.000286,22.713587,23.816923
RPI3B+,O3,SMI,8,RGB565,32768,0.045907833,0.000290,21.782775,22.840895
RPI3B+,O3,SMI,8,RGB565,65536,0.047723323,0.001315,20.954115,21.971982
RPI3B+,O3,SMI,8,RGB565,131072,0.047650615,0.000573,20.986088,22.005508
RPI3B+,O3,SMI,8,RGB565,262144,0.048367573,0.001535,20.675009,21.679318
RPI3B+,O3,SMI,8,RGB565,524288,0.048172052,0.000223,20.758925,21.767310
RPI3B+,O3,SMI,8,RGB565,1048576,0.049039219,0.000477,20.391842,21.382396
RPI3B+,O3,SMI,8,RGB565,8,0.295200416,0.009227,3.387529,3.552082
RPI3B+,O3,SMI,8,RGB565,16,0.188286323,0.003709,5.311060,5.569050
RPI3B+,O3,SMI,8,RGB565,32,0.138288750,0.000357,7.231246,7.582511
RPI3B+,O3,SMI,8,RGB565,64,0.110999219,0.000672,9.009072,9.446697
RPI3B+,O3,SMI,8,RGB565,128,0.094799031,0.000171,10.548631,11.061041
RPI3B+,O3,SMI,8,RGB565,256,0.080695521,0.000317,12.392262,12.994228
RPI3B+,O3,SMI,8,RGB565,512,0.065737792,0.000134,15.211950,15.950886
RPI3B+,O3,SMI,8,RGB565,1024,0.058961490,0.000314,16.960223,17.784083
RPI3B+,O3,SMI,8,RGB565,2048,0.056656031,0.000356,17.650372,18.507756
RPI3B+,O3,SMI,8,RGB565,4096,0.053651958,0.000274,18.638649,19.544040
RPI3B+,O3,SMI,8,RGB565,8192,0.052483458,0.000266,19.053622,19.979171
RPI3B+,O3,SMI,8,RGB565,16384,0.051863875,0.000256,19.281243,20.217849
RPI3B+,O3,SMI,8,RGB565,32768,0.053132229,0.000117,18.820968,19.735216
RPI3B+,O3,SMI,8,RGB565,65536,0.053402302,0.000372,18.725785,19.635408
RPI3B+,O3,SMI,8,RGB565,131072,0.052993073,0.000118,18.870391,19.787039
RPI3B+,O3,SMI,8,RGB565,262144,0.053209292,0.000176,18.793710,19.706633
RPI3B+,O3,SMI,8,RGB565,524288,0.071312646,0.015081,14.022758,14.703928
RPI3B+,O3,SMI,8,RGB565,1048576,0.057397698,0.006629,17.422302,18.268607
RPI3B+,O3,SMI,8,RGB565,8,0.213616637,0.004048,4.681283,4.908681
RPI3B+,O3,SMI,8,RGB565,16,0.134399916,0.000491,7.440481,7.801910
RPI3B+,O3,SMI,8,RGB565,32,0.090535739,0.000529,11.045362,11.581901
RPI3B+,O3,SMI,8,RGB565,64,0.066445724,0.000753,15.049877,15.780940
RPI3B+,O3,SMI,8,RGB565,128,0.054257442,0.000161,18.430651,19.325939
RPI3B+,O3,SMI,8,RGB565,256,0.045521706,0.000450,21.967542,23.034638
RPI3B+,O3,SMI,8,RGB565,512,0.038248751,0.000574,26.144645,27.414647
RPI3B+,O3,SMI,8,RGB565,1024,0.033997908,0.000463,29.413575,30.842368
RPI3B+,O3,SMI,8,RGB565,2048,0.032391181,0.000453,30.872601,32.372268
RPI3B+,O3,SMI,8,RGB565,4096,0.031651113,0.000243,31.594465,33.129198
RPI3B+,O3,SMI,8,RGB565,8192,0.039175410,0.000671,25.526216,26.766178
RPI3B+,O3,SMI,8,RGB565,16384,0.042657030,0.000288,23.442795,24.581552
RPI3B+,O3,SMI,8,RGB565,32768,0.044052123,0.000413,22.700381,23.803075
RPI3B+,O3,SMI,8,RGB565,65536,0.044766180,0.000208,22.338292,23.423397
RPI3B+,O3,SMI,8,RGB565,131072,0.045488238,0.000281,21.983705,23.051586
RPI3B+,O3,SMI,8,RGB565,262144,0.047297932,0.001160,21.142573,22.169595
RPI3B+,O3,SMI,8,RGB565,524288,0.049848517,0.000233,20.060777,21.035250
RPI3B+,O3,SMI,8,RGB565,1048576,0.049998891,0.000404,20.000444,20.971985
RPI3B+,O3,SMI,8,RGB565,8,0.224220784,0.014760,4.459890,4.676533
RPI3B+,O3,SMI,8,RGB565,16,0.130590028,0.001077,7.657553,8.029526
RPI3B+,O3,SMI,8,RGB565,32,0.086482978,0.000649,11.562969,12.124652
RPI3B+,O3,SMI,8,RGB565,64,0.063952107,0.000241,15.636701,16.396270
RPI3B+,O3,SMI,8,RGB565,128,0.055416829,0.000211,18.045060,18.921617
RPI3B+,O3,SMI,8,RGB565,256,0.046477552,0.000151,21.515763,22.560913
RPI3B+,O3,SMI,8,RGB565,512,0.039015349,0.000363,25.630938,26.875987
RPI3B+,O3,SMI,8,RGB565,1024,0.041395841,0.001783,24.157016,25.330467
RPI3B+,O3,SMI,8,RGB565,2048,0.036135069,0.003819,27.673947,29.018237
RPI3B+,O3,SMI,8,RGB565,4096,0.032686178,0.000105,30.593971,32.080104
RPI3B+,O3,SMI,8,RGB565,8192,0.040154340,0.000120,24.903908,26.113640
RPI3B+,O3,SMI,8,RGB565,16384,0.043972062,0.000164,22.741713,23.846414
RPI3B+,O3,SMI,8,RGB565,32768,0.045444800,0.000643,22.004718,23.073619
RPI3B+,O3,SMI,8,RGB565,65536,0.045717215,0.000120,21.873599,22.936130
RPI3B+,O3,SMI,8,RGB565,131072,0.046319835,0.000175,21.589023,22.637732
RPI3B+,O3,SMI,8,RGB565,262144,0.047249359,0.000442,21.164308,22.192386
RPI3B+,O3,SMI,8,RGB565,524288,0.049087949,0.001869,20.371599,21.361169
RPI3B+,O3,SMI,8,RGB565,1048576,0.048816660,0.000519,20.484810,21.479880
RPI3B+,O3,SMI,8,RGB565,8,0.209339846,0.001548,4.776921,5.008965
RPI3B+,O3,SMI,8,RGB565,16,0.133458995,0.000409,7.492938,7.856915
RPI3B+,O3,SMI,8,RGB565,32,0.095548773,0.005715,10.465859,10.974249
RPI3B+,O3,SMI,8,RGB565,64,0.068228710,0.003050,14.656587,15.368545
RPI3B+,O3,SMI,8,RGB565,128,0.055564401,0.000171,17.997135,18.871363
RPI3B+,O3,SMI,8,RGB565,256,0.045806672,0.000667,21.830881,22.891338
RPI3B+,O3,SMI,8,RGB565,512,0.038091346,0.000546,26.252682,27.527933
RPI3B+,O3,SMI,8,RGB565,1024,0.034092626,0.000166,29.331856,30.756680
RPI3B+,O3,SMI,8,RGB565,2048,0.032274088,0.000131,30.984609,32.489717
RPI3B+,O3,SMI,8,RGB565,4096,0.032002559,0.000152,31.247501,32.765380
RPI3B+,O3,SMI,8,RGB565,8192,0.038904152,0.000115,25.704197,26.952805
RPI3B+,O3,SMI,8,RGB565,16384,0.042801956,0.000515,23.363418,24.498320
RPI3B+,O3,SMI,8,RGB565,32768,0.044449891,0.000154,22.497243,23.590069
RPI3B+,O3,SMI,8,RGB565,65536,0.045897484,0.000485,21.787687,22.846045
RPI3B+,O3,SMI,8,RGB565,131072,0.117228140,0.022273,8.530375,8.944747
RPI3B+,O3,SMI,8,RGB565,262144,0.070457776,0.034135,14.192898,14.882332
RPI3B+,O3,SMI,8,RGB565,524288,0.049714111,0.000524,20.115013,21.092120
RPI3B+,O3,SMI,8,RGB565,1048576,0.095830813,0.035802,10.435057,10.941950
RPI3B+,O3,SMI,8,RGB565,8,0.213397398,0.001380,4.686093,4.913724
RPI3B+,O3,SMI,8,RGB565,16,0.127859122,0.001037,7.821108,8.201026
RPI3B+,O3,SMI,8,RGB565,32,0.089768911,0.001058,11.139714,11.680837
RPI3B+,O3,SMI,8,RGB565,64,0.066883700,0.000188,14.951326,15.677602
RPI3B+,O3,SMI,8,RGB565,128,0.055394704,0.000217,18.052267,18.929174
RPI3B+,O3,SMI,8,RGB565,256,0.046707322,0.000384,21.409920,22.449928
RPI3B+,O3,SMI,8,RGB565,512,0.038702049,0.000108,25.838425,27.093552
RPI3B+,O3,SMI,8,RGB565,1024,0.034919848,0.000086,28.637009,30.028080
RPI3B+,O3,SMI,8,RGB565,2048,0.033031603,0.000179,30.274038,31.744630
RPI3B+,O3,SMI,8,RGB565,4096,0.032038204,0.000196,31.212736,32.728926
RPI3B+,O3,SMI,8,RGB565,8192,0.039331253,0.000196,25.425073,26.660122
RPI3B+,O3,SMI,8,RGB565,16384,0.043109963,0.000319,23.196494,24.323287
RPI3B+,O3,SMI,8,RGB565,32768,0.044746868,0.000155,22.347933,23.433506
RPI3B+,O3,SMI,8,RGB565,65536,0.045970140,0.000498,21.753251,22.809937
RPI3B+,O3,SMI,8,RGB565,131072,0.045991421,0.000372,21.743186,22.799383
RPI3B+,O3,SMI,8,RGB565,262144,0.046618125,0.000305,21.450884,22.492883
RPI3B+,O3,SMI,8,RGB565,524288,0.048042468,0.000482,20.814917,21.826023
RPI3B+,O3,SMI,8,RGB565,1048576,0.048579953,0.000593,20.584623,21.584541
RPI3B+,O3,SMI,8,RGB565,8,0.243382607,0.003892,4.108757,4.308344
RPI3B+,O3,SMI,8,RGB565,16,0.159736878,0.000892,6.260295,6.564395
RPI3B+,O3,SMI,8,RGB565,32,0.110953124,0.001062,9.012815,9.450622
RPI3B+,O3,SMI,8,RGB565,64,0.088494504,0.000449,11.300137,11.849052
RPI3B+,O3,SMI,8,RGB565,128,0.077738836,0.000538,12.863583,13.488445
RPI3B+,O3,SMI,8,RGB565,256,0.064223230,0.000101,15.570690,16.327052
RPI3B+,O3,SMI,8,RGB565,512,0.050540095,0.000309,19.786271,20.747409
RPI3B+,O3,SMI,8,RGB565,1024,0.043788646,0.000899,22.836970,23.946299
RPI3B+,O3,SMI,8,RGB565,2048,0.040019842,0.000329,24.987605,26.201403
RPI3B+,O3,SMI,8,RGB565,4096,0.042102180,0.000296,23.751739,24.905504
RPI3B+,O3,SMI,8,RGB565,8192,0.045341280,0.000968,22.054958,23.126299
RPI3B+,O3,SMI,8,RGB565,16384,0.046886549,0.000316,21.328078,22.364111
RPI3B+,O3,SMI,8,RGB565,32768,0.047402494,0.000383,21.095937,22.120693
RPI3B+,O3,SMI,8,RGB565,65536,0.047429535,0.000159,21.083909,22.108081
RPI3B+,O3,SMI,8,RGB565,131072,0.048171425,0.000522,20.759195,21.767593
RPI3B+,O3,SMI,8,RGB565,262144,0.048195623,0.000409,20.748772,21.756665
RPI3B+,O3,SMI,8,RGB565,524288,0.049621446,0.000328,20.152577,21.131509
RPI3B+,O3,SMI,8,RGB565,1048576,0.049659247,0.000262,20.137236,21.115423
RPI3B+,O3,SMI,8,RGB565,8,0.247598689,0.009894,4.038794,4.234982
RPI3B+,O3,SMI,8,RGB565,16,0.154751583,0.000700,6.461969,6.775866
RPI3B+,O3,SMI,8,RGB565,32,0.108443487,0.000580,9.221393,9.669331
RPI3B+,O3,SMI,8,RGB565,64,0.090865757,0.000772,11.005246,11.539837
RPI3B+,O3,SMI,8,RGB565,128,0.079455176,0.000124,12.585712,13.197076
RPI3B+,O3,SMI,8,RGB565,256,0.066278766,0.000362,15.087788,15.820693
RPI3B+,O3,SMI,8,RGB565,512,0.052104811,0.000421,19.192086,20.124360
RPI3B+,O3,SMI,8,RGB565,1024,0.045052751,0.000272,22.196203,23.274406
RPI3B+,O3,SMI,8,RGB565,2048,0.040985053,0.000758,24.399139,25.584352
RPI3B+,O3,SMI,8,RGB565,4096,0.042749529,0.000138,23.392071,24.528364
RPI3B+,O3,SMI,8,RGB565,8192,0.044867627,0.000403,22.287784,23.370436
RPI3B+,O3,SMI,8,RGB565,16384,0.045796860,0.000413,21.835558,22.896242
RPI3B+,O3,SMI,8,RGB565,32768,0.045978213,0.000473,21.749432,22.805932
RPI3B+,O3,SMI,8,RGB565,65536,0.046072910,0.000209,21.704729,22.759058
RPI3B+,O3,SMI,8,RGB565,131072,0.046650021,0.000430,21.436218,22.477503
RPI3B+,O3,SMI,8,RGB565,262144,0.046976966,0.000813,21.287028,22.321067
RPI3B+,O3,SMI,8,RGB565,524288,0.047573523,0.000597,21.020095,22.041168
RPI3B+,O3,SMI,8,RGB565,1048576,0.048086915,0.000209,20.795678,21.805849
RPI3B+,O3,SMI,8,RGB565,8,0.245454445,0.002607,4.074076,4.271978
RPI3B+,O3,SMI,8,RGB565,16,0.159909263,0.000516,6.253546,6.557319
RPI3B+,O3,SMI,8,RGB565,32,0.110536503,0.001018,9.046785,9.486242
RPI3B+,O3,SMI,8,RGB565,64,0.088184662,0.000398,11.339840,11.890685
RPI3B+,O3,SMI,8,RGB565,128,0.077274652,0.000274,12.940854,13.569469
RPI3B+,O3,SMI,8,RGB565,256,0.064347333,0.000247,15.540660,16.295563
RPI3B+,O3,SMI,8,RGB565,512,0.050301076,0.000500,19.880290,20.845995
RPI3B+,O3,SMI,8,RGB565,1024,0.043283129,0.000301,23.103690,24.225975
RPI3B+,O3,SMI,8,RGB565,2048,0.039928946,0.000391,25.044488,26.261049
RPI3B+,O3,SMI,8,RGB565,4096,0.042850320,0.000908,23.337049,24.470669
RPI3B+,O3,SMI,8,RGB565,8192,0.045596830,0.000047,21.931349,22.996686
RPI3B+,O3,SMI,8,RGB565,16384,0.046889685,0.000219,21.326652,22.362616
RPI3B+,O3,SMI,8,RGB565,32768,0.047282973,0.000179,21.149262,22.176609
RPI3B+,O3,SMI,8,RGB565,65536,0.047681502,0.000344,20.972494,21.991254
RPI3B+,O3,SMI,8,RGB565,131072,0.047699606,0.000201,20.964534,21.982907
RPI3B+,O3,SMI,8,RGB565,262144,0.048736046,0.000427,20.518694,21.515410
RPI3B+,O3,SMI,8,RGB565,524288,0.049610227,0.000674,20.157134,21.136287
RPI3B+,O3,SMI,8,RGB565,1048576,0.048838805,0.000298,20.475521,21.470140
RPI3B+,O3,SMI,8,RGB565,8,0.239940726,0.001719,4.167696,4.370146
RPI3B+,O3,SMI,8,RGB565,16,0.157978778,0.003691,6.329964,6.637448
RPI3B+,O3,SMI,8,RGB565,32,0.112791256,0.000298,8.865935,9.296607
RPI3B+,O3,SMI,8,RGB565,64,0.090613425,0.000267,11.035892,11.571972
RPI3B+,O3,SMI,8,RGB565,128,0.078785671,0.000670,12.692663,13.309222
RPI3B+,O3,SMI,8,RGB565,256,0.064827371,0.000264,15.425583,16.174896
RPI3B+,O3,SMI,8,RGB565,512,0.050936727,0.000346,19.632200,20.585854
RPI3B+,O3,SMI,8,RGB565,1024,0.043865958,0.000282,22.796721,23.904094
RPI3B+,O3,SMI,8,RGB565,2048,0.040180496,0.000109,24.887697,26.096641
RPI3B+,O3,SMI,8,RGB565,4096,0.042682905,0.000393,23.428584,24.566651
RPI3B+,O3,SMI,8,RGB565,8192,0.044375537,0.000195,22.534938,23.629596
RPI3B+,O3,SMI,8,RGB565,16384,0.045499945,0.000614,21.978048,23.045654
RPI3B+,O3,SMI,8,RGB565,32768,0.045259895,0.000108,22.094616,23.167884
RPI3B+,O3,SMI,8,RGB565,65536,0.045799287,0.000547,21.834401,22.895029
RPI3B+,O3,SMI,8,RGB565,131072,0.045778464,0.000252,21.844333,22.905443
RPI3B+,O3,SMI,8,RGB565,262144,0.048614672,0.000982,20.569922,21.569126
RPI3B+,O3,SMI,8,RGB565,524288,0.049824871,0.000391,20.070298,21.045233
RPI3B+,O3,SMI,8,RGB565,1048576,0.049961640,0.000172,20.015356,20.987622
RPI3B+,O3,SMI,8,RGB565,8,0.260255582,0.021746,3.842377,4.029024
RPI3B+,O3,SMI,8,RGB565,16,0.155782648,0.001334,6.419200,6.731019
RPI3B+,O3,SMI,8,RGB565,32,0.109655916,0.000526,9.119435,9.562421
RPI3B+,O3,SMI,8,RGB565,64,0.086985203,0.000500,11.496208,12.054648
RPI3B+,O3,SMI,8,RGB565,128,0.076495803,0.000515,13.072613,13.707628
RPI3B+,O3,SMI,8,RGB565,256,0.066167736,0.000155,15.113106,15.847240
RPI3B+,O3,SMI,8,RGB565,512,0.052062521,0.000459,19.207675,20.140708
RPI3B+,O3,SMI,8,RGB565,1024,0.044939168,0.000238,22.252303,23.333231
RPI3B+,O3,SMI,8,RGB565,2048,0.041344498,0.000254,24.187015,25.361924
RPI3B+,O3,SMI,8,RGB565,4096,0.043487263,0.000206,22.995239,24.112256
RPI3B+,O3,SMI,8,RGB565,8192,0.046002056,0.000378,21.738159,22.794112
RPI3B+,O3,SMI,8,RGB565,16384,0.046667759,0.000056,21.428070,22.468960
RPI3B+,O3,SMI,8,RGB565,32768,0.047605158,0.002241,21.006127,22.026521
RPI3B+,O3,SMI,8,RGB565,65536,0.046819560,0.000330,21.358594,22.396110
RPI3B+,O3,SMI,8,RGB565,131072,0.046919060,0.000672,21.313300,22.348615
RPI3B+,O3,SMI,8,RGB565,262144,0.047380640,0.000532,21.105667,22.130896
RPI3B+,O3,SMI,8,RGB565,524288,0.048269487,0.000191,20.717022,21.723372
RPI3B+,O3,SMI,8,RGB565,1048576,0.048578891,0.000392,20.585073,21.585013
RPI3B+,O3,SMI,8,RGB565,8,0.254810675,0.007305,3.924482,4.115118
RPI3B+,O3,SMI,8,RGB565,16,0.159155383,0.004604,6.283168,6.588379
RPI3B+,O3,SMI,8,RGB565,32,0.110126849,0.000737,9.080438,9.521529
RPI3B+,O3,SMI,8,RGB565,64,0.089523891,0.003087,11.170203,11.712806
RPI3B+,O3,SMI,8,RGB565,128,0.077324130,0.000504,12.932574,13.560786
RPI3B+,O3,SMI,8,RGB565,256,0.063998044,0.000500,15.625478,16.384501
RPI3B+,O3,SMI,8,RGB565,512,0.050285086,0.000485,19.886612,20.852624
RPI3B+,O3,SMI,8,RGB565,1024,0.045664204,0.001793,21.898991,22.962756
RPI3B+,O3,SMI,8,RGB565,2048,0.041802942,0.000436,23.921761,25.083785
RPI3B+,O3,SMI,8,RGB565,4096,0.043477565,0.000173,23.000368,24.117634
RPI3B+,O3,SMI,8,RGB565,8192,0.045688902,0.000101,21.887153,22.950344
RPI3B+,O3,SMI,8,RGB565,16384,0.046679738,0.000323,21.422571,22.463194
RPI3B+,O3,SMI,8,RGB565,32768,0.047369379,0.000343,21.110684,22.136157
RPI3B+,O3,SMI,8,RGB565,65536,0.049071085,0.002857,20.378600,21.368511
RPI3B+,O3,SMI,8,RGB565,131072,0.047932198,0.000574,20.862803,21.876235
RPI3B+,O3,SMI,8,RGB565,262144,0.047829761,0.000412,20.907485,21.923087
RPI3B+,O3,SMI,8,RGB565,524288,0.048955492,0.000717,20.426718,21.418966
RPI3B+,O3,SMI,8,RGB565,1048576,0.048915409,0.000166,20.443456,21.436517
RPI3B+,O3,SMI,8,RGB565,8,0.238508820,0.001016,4.192717,4.396382
RPI3B+,O3,SMI,8,RGB565,16,0.157675883,0.004254,6.342124,6.650199
RPI3B+,O3,SMI,8,RGB565,32,0.112811860,0.000703,8.864316,9.294909
RPI3B+,O3,SMI,8,RGB565,64,0.092250214,0.002667,10.840083,11.366651
RPI3B+,O3,SMI,8,RGB565,128,0.080049849,0.001403,12.492216,13.099038
RPI3B+,O3,SMI,8,RGB565,256,0.064934474,0.000320,15.400140,16.148217
RPI3B+,O3,SMI,8,RGB565,512,0.052377091,0.002456,19.092317,20.019745
RPI3B+,O3,SMI,8,RGB565,1024,0.043943447,0.000211,22.756522,23.861942
RPI3B+,O3,SMI,8,RGB565,2048,0.040209288,0.000202,24.869876,26.077955
RPI3B+,O3,SMI,8,RGB565,4096,0.042521947,0.000422,23.517267,24.659642
RPI3B+,O3,SMI,8,RGB565,8192,0.044260882,0.000072,22.593314,23.690807
RPI3B+,O3,SMI,8,RGB565,16384,0.045634881,0.000674,21.913062,22.977511
RPI3B+,O3,SMI,8,RGB565,32768,0.047061214,0.002072,21.248920,22.281108
RPI3B+,O3,SMI,8,RGB565,65536,0.045604163,0.000226,21.927823,22.992988
RPI3B+,O3,SMI,8,RGB565,131072,0.045894057,0.000195,21.789314,22.847751
RPI3B+,O3,SMI,8,RGB565,262144,0.047193901,0.000924,21.189178,22.218464
RPI3B+,O3,SMI,8,RGB565,524288,0.050093567,0.000756,19.962643,20.932349
RPI3B+,O3,SMI,8,RGB565,1048576,0.058102141,0.004758,17.211070,18.047115
RPI3B+,O3,SMI,8,RGB565,8,0.241091925,0.001802,4.147795,4.349279
RPI3B+,O3,SMI,8,RGB565,16,0.153872724,0.001900,6.498878,6.814567
RPI3B+,O3,SMI,8,RGB565,32,0.114859573,0.004282,8.706283,9.129200
RPI3B+,O3,SMI,8,RGB565,64,0.090998828,0.000432,10.989152,11.522962
RPI3B+,O3,SMI,8,RGB565,128,0.093962743,0.016959,10.642516,11.159487
RPI3B+,O3,SMI,8,RGB565,256,0.072760332,0.012771,13.743753,14.411369
RPI3B+,O3,SMI,8,RGB565,512,0.050998601,0.000138,19.608381,20.560878
RPI3B+,O3,SMI,8,RGB565,1024,0.044064852,0.000470,22.693824,23.796199
RPI3B+,O3,SMI,8,RGB565,2048,0.040458942,0.000359,24.716415,25.917040
RPI3B+,O3,SMI,8,RGB565,4096,0.042530989,0.000228,23.512268,24.654400
RPI3B+,O3,SMI,8,RGB565,8192,0.044726534,0.000321,22.358093,23.444159
RPI3B+,O3,SMI,8,RGB565,16384,0.047308785,0.003274,21.137723,22.164509
RPI3B+,O3,SMI,8,RGB565,32768,0.045498226,0.000560,21.978879,23.046525
RPI3B+,O3,SMI,8,RGB565,65536,0.045646444,0.000149,21.907512,22.971691
RPI3B+,O3,SMI,8,RGB565,131072,0.045981535,0.000400,21.747860,22.804284
RPI3B+,O3,SMI,8,RGB565,262144,0.046645009,0.000799,21.438521,22.479918
RPI3B+,O3,SMI,8,RGB565,524288,0.051442494,0.002673,19.439182,20.383460
RPI3B+,O3,SMI,8,RGB565,1048576,0.050047963,0.000197,19.980833,20.951422
RPI3B+,O3,SMI,8,RGB565,8,0.281855000,0.001521,3.547924,3.720268
RPI3B+,O3,SMI,8,RGB565,16,0.177957197,0.005379,5.619329,5.892293
RPI3B+,O3,SMI,8,RGB565,32,0.119904275,0.003733,8.339986,8.745109
RPI3B+,O3,SMI,8,RGB565,64,0.092522222,0.000750,10.808214,11.333234
RPI3B+,O3,SMI,8,RGB565,128,0.079173866,0.000146,12.630430,13.243966
RPI3B+,O3,SMI,8,RGB565,256,0.064975213,0.000508,15.390484,16.138092
RPI3B+,O3,SMI,8,RGB565,512,0.052123967,0.002685,19.185032,20.116964
RPI3B+,O3,SMI,8,RGB565,1024,0.043390941,0.000077,23.046285,24.165782
RPI3B+,O3,SMI,8,RGB565,2048,0.040601472,0.000679,24.629649,25.826059
RPI3B+,O3,SMI,8,RGB565,4096,0.044094227,0.000464,22.678706,23.780347
RPI3B+,O3,SMI,8,RGB565,8192,0.045553112,0.000191,21.952397,23.018757
RPI3B+,O3,SMI,8,RGB565,16384,0.049567081,0.004281,20.174680,21.154685
RPI3B+,O3,SMI,8,RGB565,32768,0.047622783,0.000364,20.998353,22.018369
RPI3B+,O3,SMI,8,RGB565,65536,0.047744949,0.000432,20.944624,21.962030
RPI3B+,O3,SMI,8,RGB565,131072,0.047908416,0.000354,20.873159,21.887094
RPI3B+,O3,SMI,8,RGB565,262144,0.048235571,0.000470,20.731588,21.738646
RPI3B+,O3,SMI,8,RGB565,524288,0.049799933,0.001477,20.080348,21.055771
RPI3B+,O3,SMI,8,RGB565,1048576,0.048848670,0.000223,20.471387,21.465805
RPI3B+,O3,SMI,8,RGB565,8,0.247110722,0.005136,4.046769,4.243345
RPI3B+,O3,SMI,8,RGB565,16,0.149694776,0.000294,6.680260,7.004760
RPI3B+,O3,SMI,8,RGB565,32,0.094807309,0.001273,10.547710,11.060076
RPI3B+,O3,SMI,8,RGB565,64,0.068214283,0.000891,14.659687,15.371795
RPI3B+,O3,SMI,8,RGB565,128,0.054063765,0.000291,18.496677,19.395172
RPI3B+,O3,SMI,8,RGB565,256,0.044965231,0.000323,22.239406,23.319707
RPI3B+,O3,SMI,8,RGB565,512,0.038945058,0.002323,25.677199,26.924495
RPI3B+,O3,SMI,8,RGB565,1024,0.034061022,0.000539,29.359072,30.785219
RPI3B+,O3,SMI,8,RGB565,2048,0.031879820,0.000164,31.367806,32.891528
RPI3B+,O3,SMI,8,RGB565,4096,0.031566489,0.000253,31.679165,33.218012
RPI3B+,O3,SMI,8,RGB565,8192,0.038838954,0.000144,25.747346,26.998049
RPI3B+,O3,SMI,8,RGB565,16384,0.042716122,0.000236,23.410365,24.547546
RPI3B+,O3,SMI,8,RGB565,32768,0.045863661,0.003305,21.803754,22.862894
RPI3B+,O3,SMI,8,RGB565,65536,0.044976085,0.000186,22.234038,23.314079
RPI3B+,O3,SMI,8,RGB565,131072,0.045788922,0.000350,21.839344,22.900212
RPI3B+,O3,SMI,8,RGB565,262144,0.047408441,0.000746,21.093290,22.117918
RPI3B+,O3,SMI,8,RGB565,524288,0.049599851,0.000199,20.161351,21.140709
RPI3B+,O3,SMI,8,RGB565,1048576,0.049807277,0.000238,20.077387,21.052667
RPI3B+,O3,SMI,8,RGB565,8,0.279064021,0.001116,3.583407,3.757475
RPI3B+,O3,SMI,8,RGB565,16,0.171616172,0.001466,5.826957,6.110007
RPI3B+,O3,SMI,8,RGB565,32,0.119070239,0.003369,8.398404,8.806365
RPI3B+,O3,SMI,8,RGB565,64,0.090771996,0.000185,11.016614,11.551757
RPI3B+,O3,SMI,8,RGB565,128,0.079806267,0.001553,12.530344,13.139018
RPI3B+,O3,SMI,8,RGB565,256,0.068445354,0.001849,14.610195,15.319900
RPI3B+,O3,SMI,8,RGB565,512,0.052490632,0.000239,19.051019,19.976441
RPI3B+,O3,SMI,8,RGB565,1024,0.045401196,0.000242,22.025851,23.095779
RPI3B+,O3,SMI,8,RGB565,2048,0.041361664,0.000116,24.176977,25.351398
RPI3B+,O3,SMI,8,RGB565,4096,0.043652980,0.000229,22.907944,24.020720
RPI3B+,O3,SMI,8,RGB565,8192,0.046777644,0.001755,21.377733,22.416178
RPI3B+,O3,SMI,8,RGB565,16384,0.046461896,0.000427,21.523013,22.568515
RPI3B+,O3,SMI,8,RGB565,32768,0.046367397,0.000282,21.566878,22.614511
RPI3B+,O3,SMI,8,RGB565,65536,0.046549364,0.000356,21.482571,22.526108
RPI3B+,O3,SMI,8,RGB565,131072,0.046797227,0.000279,21.368787,22.406798
RPI3B+,O3,SMI,8,RGB565,262144,0.046720696,0.000284,21.403791,22.443501
RPI3B+,O3,SMI,8,RGB565,524288,0.049708017,0.003308,20.117479,21.094706
RPI3B+,O3,SMI,8,RGB565,1048576,0.048618275,0.000423,20.568397,21.567528
RPI3B+,O3,SMI,8,RGB565,8,0.255033818,0.006075,3.921049,4.111517
RPI3B+,O3,SMI,8,RGB565,16,0.150575541,0.000780,6.641185,6.963787
RPI3B+,O3,SMI,8,RGB565,32,0.092868679,0.001710,10.767893,11.290954
RPI3B+,O3,SMI,8,RGB565,64,0.066638607,0.000276,15.006316,15.735263
RPI3B+,O3,SMI,8,RGB565,128,0.053576561,0.000197,18.664878,19.571544
RPI3B+,O3,SMI,8,RGB565,256,0.044641639,0.000323,22.400611,23.488743
RPI3B+,O3,SMI,8,RGB565,512,0.037926972,0.001374,26.366461,27.647238
RPI3B+,O3,SMI,8,RGB565,1024,0.033622723,0.000395,29.741791,31.186528
RPI3B+,O3,SMI,8,RGB565,2048,0.031613915,0.000345,31.631640,33.168179
RPI3B+,O3,SMI,8,RGB565,4096,0.032024350,0.000891,31.226239,32.743085
RPI3B+,O3,SMI,8,RGB565,8192,0.038547987,0.000300,25.941692,27.201835
RPI3B+,O3,SMI,8,RGB565,16384,0.042126221,0.000367,23.738184,24.891290
RPI3B+,O3,SMI,8,RGB565,32768,0.047450211,0.003339,21.074722,22.098447
RPI3B+,O3,SMI,8,RGB565,65536,0.047034767,0.000588,21.260869,22.293637
RPI3B+,O3,SMI,8,RGB565,131072,0.047358108,0.000195,21.115708,22.141425
RPI3B+,O3,SMI,8,RGB565,262144,0.051712648,0.004218,19.337629,20.276974
RPI3B+,O3,SMI,8,RGB565,524288,0.054325722,0.003480,18.407487,19.301649
RPI3B+,O3,SMI,8,RGB565,1048576,0.051492795,0.002449,19.420193,20.363548
RPI3B+,O3,SMI,8,RGB565,8,0.274012559,0.002677,3.649468,3.826744
RPI3B+,O3,SMI,8,RGB565,16,0.170393150,0.000873,5.868781,6.153862
RPI3B+,O3,SMI,8,RGB565,32,0.118045132,0.002576,8.471336,8.882840
RPI3B+,O3,SMI,8,RGB565,64,0.094762289,0.000402,10.552721,11.065330
RPI3B+,O3,SMI,8,RGB565,128,0.081617243,0.000210,12.252313,12.847481
RPI3B+,O3,SMI,8,RGB565,256,0.068425812,0.002625,14.614368,15.324275
RPI3B+,O3,SMI,8,RGB565,512,0.052397653,0.000154,19.084824,20.011889
RPI3B+,O3,SMI,8,RGB565,1024,0.045049459,0.000510,22.197825,23.276106
RPI3B+,O3,SMI,8,RGB565,2048,0.040678368,0.000329,24.583091,25.777239
RPI3B+,O3,SMI,8,RGB565,4096,0.042987433,0.000411,23.262613,24.392617
RPI3B+,O3,SMI,8,RGB565,8192,0.045746412,0.001977,21.859638,22.921492
RPI3B+,O3,SMI,8,RGB565,16384,0.059684014,0.017281,16.754905,17.568792
RPI3B+,O3,SMI,8,RGB565,32768,0.052607297,0.011236,19.008770,19.932140
RPI3B+,O3,SMI,8,RGB565,65536,0.046302720,0.000278,21.597003,22.646099
RPI3B+,O3,SMI,8,RGB565,131072,0.046523697,0.000416,21.494422,22.538535
RPI3B+,O3,SMI,8,RGB565,262144,0.048831378,0.002692,20.478636,21.473406
RPI3B+,O3,SMI,8,RGB565,524288,0.047822876,0.000690,20.910495,21.926243
RPI3B+,O3,SMI,8,RGB565,1048576,0.047897167,0.000138,20.878062,21.892234
RPI3B+,O3,SMI,8,RGB565,8,0.253684756,0.003680,3.941900,4.133382
RPI3B+,O3,SMI,8,RGB565,16,0.151311806,0.003862,6.608870,6.929902
RPI3B+,O3,SMI,8,RGB565,32,0.092045455,0.000234,10.864197,11.391937
RPI3B+,O3,SMI,8,RGB565,64,0.066366744,0.000506,15.067787,15.799720
RPI3B+,O3,SMI,8,RGB565,128,0.053710372,0.000309,18.618378,19.522784
RPI3B+,O3,SMI,8,RGB565,256,0.046113492,0.003131,21.685627,22.739028
RPI3B+,O3,SMI,8,RGB565,512,0.037256154,0.000373,26.841203,28.145042
RPI3B+,O3,SMI,8,RGB565,1024,0.033750972,0.000523,29.628776,31.068024
RPI3B+,O3,SMI,8,RGB565,2048,0.031636426,0.000284,31.609133,33.144579
RPI3B+,O3,SMI,8,RGB565,4096,0.031123419,0.000185,32.130146,33.690900
RPI3B+,O3,SMI,8,RGB565,8192,0.038418030,0.000128,26.029445,27.293851
RPI3B+,O3,SMI,8,RGB565,16384,0.043754354,0.000307,22.854868,23.965066
RPI3B+,O3,SMI,8,RGB565,32768,0.047690897,0.003230,20.968362,21.986921
RPI3B+,O3,SMI,8,RGB565,65536,0.046935663,0.000234,21.305761,22.340709
RPI3B+,O3,SMI,8,RGB565,131072,0.047666699,0.000414,20.979007,21.998083
RPI3B+,O3,SMI,8,RGB565,262144,0.049161157,0.002184,20.341263,21.329360
RPI3B+,O3,SMI,8,RGB565,524288,0.055315923,0.006618,18.077977,18.956133
RPI3B+,O3,SMI,8,RGB565,1048576,0.059033800,0.014172,16.939448,17.762299
RPI3B+,O3,SMI,8,RGB565,8,0.249844545,0.008256,4.002489,4.196914
RPI3B+,O3,SMI,8,RGB565,16,0.152115581,0.004188,6.573949,6.893285
RPI3B+,O3,SMI,8,RGB565,32,0.097096792,0.004188,10.299001,10.799286
RPI3B+,O3,SMI,8,RGB565,64,0.066498827,0.000199,15.037859,15.768338
RPI3B+,O3,SMI,8,RGB565,128,0.054016495,0.000130,18.512864,19.412144
RPI3B+,O3,SMI,8,RGB565,256,0.045235707,0.000487,22.106430,23.180272
RPI3B+,O3,SMI,8,RGB565,512,0.037339747,0.000156,26.781113,28.082033
RPI3B+,O3,SMI,8,RGB565,1024,0.033878398,0.000431,29.517334,30.951168
RPI3B+,O3,SMI,8,RGB565,2048,0.033013103,0.001795,30.291003,31.762419
RPI3B+,O3,SMI,8,RGB565,4096,0.031820456,0.000465,31.426325,32.952890
RPI3B+,O3,SMI,8,RGB565,8192,0.039210732,0.000774,25.503222,26.742066
RPI3B+,O3,SMI,8,RGB565,16384,0.042076961,0.000171,23.765975,24.920431
RPI3B+,O3,SMI,8,RGB565,32768,0.043946791,0.000179,22.754790,23.860127
RPI3B+,O3,SMI,8,RGB565,65536,0.044868856,0.000204,22.287174,23.369796
RPI3B+,O3,SMI,8,RGB565,131072,0.048067144,0.001616,20.804232,21.814818
RPI3B+,O3,SMI,8,RGB565,262144,0.048349955,0.000253,20.682543,21.687218
RPI3B+,O3,SMI,8,RGB565,524288,0.049573696,0.000380,20.171988,21.151863
RPI3B+,O3,SMI,8,RGB565,1048576,0.050467949,0.000311,19.814556,20.777068
RPI3B+,O3,SMI,8,RGB565,8,0.278229923,0.006775,3.594150,3.768739
RPI3B+,O3,SMI,8,RGB565,16,0.173063890,0.003881,5.778213,6.058895
RPI3B+,O3,SMI,8,RGB565,32,0.116561831,0.001227,8.579138,8.995878
RPI3B+,O3,SMI,8,RGB565,64,0.092472473,0.003182,10.814029,11.339331
RPI3B+,O3,SMI,8,RGB565,128,0.081386619,0.000153,12.287032,12.883887
RPI3B+,O3,SMI,8,RGB565,256,0.066937011,0.000181,14.939418,15.665115
RPI3B+,O3,SMI,8,RGB565,512,0.053977058,0.001915,18.526389,19.426327
RPI3B+,O3,SMI,8,RGB565,1024,0.045325884,0.000408,22.062449,23.134154
RPI3B+,O3,SMI,8,RGB565,2048,0.041391341,0.000261,24.159642,25.333221
RPI3B+,O3,SMI,8,RGB565,4096,0.044250944,0.001124,22.598388,23.696127
RPI3B+,O3,SMI,8,RGB565,8192,0.045038928,0.000769,22.203015,23.281549
RPI3B+,O3,SMI,8,RGB565,16384,0.045746058,0.000296,21.859807,22.921669
RPI3B+,O3,SMI,8,RGB565,32768,0.047922593,0.003380,20.866984,21.880619
RPI3B+,O3,SMI,8,RGB565,65536,0.046794050,0.000448,21.370238,22.408319
RPI3B+,O3,SMI,8,RGB565,131072,0.046334741,0.000378,21.582078,22.630449
RPI3B+,O3,SMI,8,RGB565,262144,0.047262296,0.000433,21.158515,22.186311
RPI3B+,O3,SMI,8,RGB565,524288,0.048911711,0.000635,20.445002,21.438138
RPI3B+,O3,SMI,8,RGB565,1048576,0.063025385,0.017260,15.866623,16.637360
RPI3B+,O3,SMI,8,RGB565,8,0.272186739,0.028145,3.673948,3.852414
RPI3B+,O3,SMI,8,RGB565,16,0.147315337,0.000694,6.788159,7.117901
RPI3B+,O3,SMI,8,RGB565,32,0.094386354,0.005025,10.594752,11.109403
RPI3B+,O3,SMI,8,RGB565,64,0.065461960,0.000531,15.276047,16.018097
RPI3B+,O3,SMI,8,RGB565,128,0.052943378,0.000110,18.888103,19.805612
RPI3B+,O3,SMI,8,RGB565,256,0.044024925,0.000281,22.714405,23.817780
RPI3B+,O3,SMI,8,RGB565,512,0.039501074,0.002414,25.315767,26.545506
RPI3B+,O3,SMI,8,RGB565,1024,0.035091566,0.000545,28.496876,29.881140
RPI3B+,O3,SMI,8,RGB565,2048,0.033012978,0.000235,30.291118,31.762539
RPI3B+,O3,SMI,8,RGB565,4096,0.032685772,0.000424,30.594352,32.080503
RPI3B+,O3,SMI,8,RGB565,8192,0.040194402,0.000111,24.879086,26.087613
RPI3B+,O3,SMI,8,RGB565,16384,0.044277121,0.000390,22.585028,23.682118
RPI3B+,O3,SMI,8,RGB565,32768,0.045873151,0.000263,21.799244,22.858164
RPI3B+,O3,SMI,8,RGB565,65536,0.047700470,0.001305,20.964154,21.982509
RPI3B+,O3,SMI,8,RGB565,131072,0.047444149,0.000161,21.077415,22.101271
RPI3B+,O3,SMI,8,RGB565,262144,0.047271275,0.000428,21.154496,22.182097
RPI3B+,O3,SMI,8,RGB565,524288,0.048653702,0.000292,20.553420,21.551823
RPI3B+,O3,SMI,8,RGB565,1048576,0.048953606,0.000317,20.427504,21.419791
RPI3B+,O3,SMI,8,RGB565,8,0.271522911,0.003138,3.682930,3.861832
RPI3B+,O3,SMI,8,RGB565,16,0.173439856,0.003328,5.765687,6.045761
RPI3B+,O3,SMI,8,RGB565,32,0.122778856,0.003113,8.144725,8.540363
RPI3B+,O3,SMI,8,RGB565,64,0.094823424,0.000611,10.545917,11.058196
RPI3B+,O3,SMI,8,RGB565,128,0.080062703,0.000770,12.490210,13.096935
RPI3B+,O3,SMI,8,RGB565,256,0.067797921,0.002998,14.749715,15.466197
RPI3B+,O3,SMI,8,RGB565,512,0.051499920,0.000279,19.417506,20.360731
RPI3B+,O3,SMI,8,RGB565,1024,0.044071060,0.000263,22.690627,23.792847
RPI3B+,O3,SMI,8,RGB565,2048,0.040767148,0.000342,24.529555,25.721103
RPI3B+,O3,SMI,8,RGB565,4096,0.042459239,0.000120,23.552000,24.696062
RPI3B+,O3,SMI,8,RGB565,8192,0.044698524,0.000541,22.372103,23.458851
RPI3B+,O3,SMI,8,RGB565,16384,0.044775836,0.000136,22.333475,23.418346
RPI3B+,O3,SMI,8,RGB565,32768,0.045633933,0.000436,21.913518,22.977989
RPI3B+,O3,SMI,8,RGB565,65536,0.045523622,0.000137,21.966618,23.033668
RPI3B+,O3,SMI,8,RGB565,131072,0.047483044,0.000758,21.060149,22.083167
RPI3B+,O3,SMI,8,RGB565,262144,0.048589245,0.000423,20.580686,21.580414
RPI3B+,O3,SMI,8,RGB565,524288,0.051336765,0.003388,19.479217,20.425440
RPI3B+,O3,SMI,8,RGB565,1048576,0.050239982,0.000318,19.904466,20.871345
RPI3B+,O3,SMI,8,RGB565,8,0.250194678,0.002880,3.996888,4.191040
RPI3B+,O3,SMI,8,RGB565,16,0.146039409,0.000568,6.847467,7.180089
RPI3B+,O3,SMI,8,RGB565,32,0.093234946,0.003285,10.725592,11.246598
RPI3B+,O3,SMI,8,RGB565,64,0.065165743,0.000222,15.345486,16.090908
RPI3B+,O3,SMI,8,RGB565,128,0.053207293,0.000733,18.794416,19.707374
RPI3B+,O3,SMI,8,RGB565,256,0.043989436,0.000157,22.732731,23.836996
RPI3B+,O3,SMI,8,RGB565,512,0.040538681,0.002338,24.667798,25.866061
RPI3B+,O3,SMI,8,RGB565,1024,0.034771662,0.000188,28.759051,30.156050
RPI3B+,O3,SMI,8,RGB565,2048,0.033193591,0.000431,30.126298,31.589713
RPI3B+,O3,SMI,8,RGB565,4096,0.032535055,0.000124,30.736079,32.229115
RPI3B+,O3,SMI,8,RGB565,8192,0.040496223,0.000303,24.693661,25.893180
RPI3B+,O3,SMI,8,RGB565,16384,0.043960561,0.000173,22.747662,23.852653
RPI3B+,O3,SMI,8,RGB565,32768,0.046325231,0.000786,21.586509,22.635095
RPI3B+,O3,SMI,8,RGB565,65536,0.048643307,0.002794,20.557813,21.556429
RPI3B+,O3,SMI,8,RGB565,131072,0.047920802,0.002472,20.867764,21.881437
RPI3B+,O3,SMI,8,RGB565,262144,0.047165193,0.000322,21.202076,22.231988
RPI3B+,O3,SMI,8,RGB565,524288,0.050906966,0.004612,19.643677,20.597888
RPI3B+,O3,SMI,8,RGB565,1048576,0.054061276,0.002892,18.497529,19.396065
RPI3B+,O3,SMI,8,RGB565,8,0.249084792,0.003664,4.014697,4.209715
RPI3B+,O3,SMI,8,RGB565,16,0.145732188,0.001456,6.861902,7.195226
RPI3B+,O3,SMI,8,RGB565,32,0.093994979,0.003653,10.638866,11.155660
RPI3B+,O3,SMI,8,RGB565,64,0.070801677,0.003371,14.123959,14.810045
RPI3B+,O3,SMI,8,RGB565,128,0.052796917,0.000273,18.940500,19.860554
RPI3B+,O3,SMI,8,RGB565,256,0.046309885,0.003526,21.593662,22.642596
RPI3B+,O3,SMI,8,RGB565,512,0.038699469,0.000470,25.840148,27.095359
RPI3B+,O3,SMI,8,RGB565,1024,0.034983020,0.000543,28.585296,29.973856
RPI3B+,O3,SMI,8,RGB565,2048,0.033050979,0.000425,30.256290,31.726019
RPI3B+,O3,SMI,8,RGB565,4096,0.032596479,0.000207,30.678160,32.168382
RPI3B+,O3,SMI,8,RGB565,8192,0.040451719,0.000467,24.720829,25.921668
RPI3B+,O3,SMI,8,RGB565,16384,0.044410843,0.000644,22.517023,23.610810
RPI3B+,O3,SMI,8,RGB565,32768,0.045640281,0.000143,21.910470,22.974793
RPI3B+,O3,SMI,8,RGB565,65536,0.046819781,0.000202,21.358494,22.396004
RPI3B+,O3,SMI,8,RGB565,131072,0.053436198,0.002920,18.713906,19.622953
RPI3B+,O3,SMI,8,RGB565,262144,0.048009448,0.002553,20.829234,21.841034
RPI3B+,O3,SMI,8,RGB565,524288,0.047849427,0.000251,20.898892,21.914077
RPI3B+,O3,SMI,8,RGB565,1048576,0.048486282,0.000407,20.624390,21.626241
RPI3B+,O3,SMI,8,RGB565,8,0.337008594,0.081170,2.967283,3.111422
RPI3B+,O3,SMI,8,RGB565,16,0.176901823,0.001967,5.652853,5.927446
RPI3B+,O3,SMI,8,RGB565,32,0.120914031,0.000874,8.270339,8.672079
RPI3B+,O3,SMI,8,RGB565,64,0.093133896,0.000968,10.737229,11.258801
RPI3B+,O3,SMI,8,RGB565,128,0.079437011,0.000131,12.588591,13.200094
RPI3B+,O3,SMI,8,RGB565,256,0.065539698,0.000552,15.257928,15.999097
RPI3B+,O3,SMI,8,RGB565,512,0.050915500,0.000063,19.640385,20.594436
RPI3B+,O3,SMI,8,RGB565,1024,0.049538156,0.011498,20.186460,21.167037
RPI3B+,O3,SMI,8,RGB565,2048,0.040209781,0.000363,24.869571,26.077635
RPI3B+,O3,SMI,8,RGB565,4096,0.042376885,0.000636,23.597770,24.744056
RPI3B+,O3,SMI,8,RGB565,8192,0.043732938,0.000103,22.866061,23.976802
RPI3B+,O3,SMI,8,RGB565,16384,0.044934646,0.000519,22.254543,23.335580
RPI3B+,O3,SMI,8,RGB565,32768,0.051758958,0.005770,19.320327,20.258831
RPI3B+,O3,SMI,8,RGB565,65536,0.047951855,0.000588,20.854251,21.867267
RPI3B+,O3,SMI,8,RGB565,131072,0.047853427,0.000528,20.897145,21.912245
RPI3B+,O3,SMI,8,RGB565,262144,0.048302875,0.000417,20.702701,21.708356
RPI3B+,O3,SMI,8,RGB565,524288,0.049869489,0.000733,20.052341,21.026403
RPI3B+,O3,SMI,8,RGB565,1048576,0.049650166,0.000100,20.140919,21.119285
RPI3B+,O3,SMI,8,RGB565,8,0.244995344,0.001226,4.081710,4.279983
RPI3B+,O3,SMI,8,RGB565,16,0.145647156,0.001472,6.865908,7.199427
RPI3B+,O3,SMI,8,RGB565,32,0.090259739,0.000581,11.079137,11.617317
RPI3B+,O3,SMI,8,RGB565,64,0.065127073,0.000119,15.354598,16.100463
RPI3B+,O3,SMI,8,RGB565,128,0.055537073,0.000896,18.005990,18.880649
RPI3B+,O3,SMI,8,RGB565,256,0.046068219,0.000346,21.706939,22.761375
RPI3B+,O3,SMI,8,RGB565,512,0.038745156,0.000416,25.809678,27.063409
RPI3B+,O3,SMI,8,RGB565,1024,0.034732281,0.000108,28.791659,30.190243
RPI3B+,O3,SMI,8,RGB565,2048,0.032902312,0.000111,30.393001,31.869371
RPI3B+,O3,SMI,8,RGB565,4096,0.033483500,0.001406,29.865456,31.316200
RPI3B+,O3,SMI,8,RGB565,8192,0.040044458,0.000117,24.972244,26.185296
RPI3B+,O3,SMI,8,RGB565,16384,0.044019510,0.000138,22.717200,23.820710
RPI3B+,O3,SMI,8,RGB565,32768,0.045410417,0.000713,22.021379,23.091090
RPI3B+,O3,SMI,8,RGB565,65536,0.047039740,0.002376,21.258621,22.291280
RPI3B+,O3,SMI,8,RGB565,131072,0.046368803,0.000311,21.566224,22.613825
RPI3B+,O3,SMI,8,RGB565,262144,0.047880469,0.000547,20.885343,21.899869
RPI3B+,O3,SMI,8,RGB565,524288,0.048633355,0.000372,20.562020,21.560840
RPI3B+,O3,SMI,8,RGB565,1048576,0.048546906,0.000604,20.598635,21.599234
